key,0,1,2,3,4,5,6,7,8,9,10,11,12,13,14,15,16,17,18,19,20,21,22,23,24,25,26,27,28,29,30,31,32,33,34,35,36,37,38,39,40,41,42,43,44,45,46,47,48,49,50,51,52,53,54,55,56,57,58,59,60,61,62,63,64,65,66,67,68
#,Icon{Actor},Icon{Map},Name,Script{Instruction}[0],Script{Instruction}[1],Script{Instruction}[2],Script{Instruction}[3],Script{Instruction}[4],Script{Instruction}[5],Script{Instruction}[6],Script{Instruction}[7],Script{Instruction}[8],Script{Instruction}[9],Script{Instruction}[10],Script{Instruction}[11],Script{Instruction}[12],Script{Instruction}[13],Script{Instruction}[14],Script{Instruction}[15],Script{Instruction}[16],Script{Instruction}[17],Script{Instruction}[18],Script{Instruction}[19],Script{Instruction}[20],Script{Instruction}[21],Script{Instruction}[22],Script{Instruction}[23],Script{Instruction}[24],Script{Instruction}[25],Script{Instruction}[26],Script{Instruction}[27],Script{Instruction}[28],Script{Instruction}[29],Script{Arg}[0],Script{Arg}[1],Script{Arg}[2],Script{Arg}[3],Script{Arg}[4],Script{Arg}[5],Script{Arg}[6],Script{Arg}[7],Script{Arg}[8],Script{Arg}[9],Script{Arg}[10],Script{Arg}[11],Script{Arg}[12],Script{Arg}[13],Script{Arg}[14],Script{Arg}[15],Script{Arg}[16],Script{Arg}[17],Script{Arg}[18],Script{Arg}[19],Script{Arg}[20],Script{Arg}[21],Script{Arg}[22],Script{Arg}[23],Script{Arg}[24],Script{Arg}[25],Script{Arg}[26],Script{Arg}[27],Script{Arg}[28],Script{Arg}[29],,MainOption,SubOption,,,
int32,Image,Image,str,str,str,str,str,str,str,str,str,str,str,str,str,str,str,str,str,str,str,str,str,str,str,str,str,str,str,str,str,str,uint32,uint32,uint32,uint32,uint32,uint32,uint32,uint32,uint32,uint32,uint32,uint32,uint32,uint32,uint32,uint32,uint32,uint32,uint32,uint32,uint32,uint32,uint32,uint32,uint32,uint32,uint32,uint32,uint32,uint32,bool,str,bool,bool,bool,bool,bool
720896,0,"","","","","","","","","","","","","","","","","","","","","","","","","","","","","","","",0,0,0,0,0,0,0,0,0,0,0,0,0,0,0,0,0,0,0,0,0,0,0,0,0,0,0,0,0,0,False,"Small Talk",False,False,False,False,False
720897,0,"TstPrgTest_00001","SCENE0","SCENE1","","","","","","","","","","","","","","","","","","","","","","","","","","","","",0,1,0,0,0,0,0,0,0,0,0,0,0,0,0,0,0,0,0,0,0,0,0,0,0,0,0,0,0,0,False,"Small Talk",False,False,False,False,False
720898,60551,"CmnDefMogLetter_00002","HOWTO_MOGLETTER","","","","","","","","","","","","","","","","","","","","","","","","","","","","","",22,0,0,0,0,0,0,0,0,0,0,0,0,0,0,0,0,0,0,0,0,0,0,0,0,0,0,0,0,0,False,"Small Talk",False,True,False,False,False
720899,0,"TstPlnTest_00003","","","","","","","","","","","","","","","","","","","","","RETAINER_SUCCESS_EMPLOY","RETAINER_SUCCESS_ASSIGN_MARKET","GRIDANIA","RETAINER_SUCCESS_DISMISS","REWARD_RETAINER","NPC_OF_GRIDANIA","","","","",0,0,0,0,0,0,0,0,0,0,0,0,0,0,0,0,0,0,0,0,394,396,2,395,3,1000233,0,0,0,0,False,"Small Talk",False,False,False,False,False
720900,60414,"CmnRadEnterTotorak_00004","INSTANCE_CONTENT_ID","TERRITORY_TYPE","SCREENIMAGE0","","","","","","","","","","","","","","","","","","","","","","","","","","","",1,169,78,0,0,0,0,0,0,0,0,0,0,0,0,0,0,0,0,0,0,0,0,0,0,0,0,0,0,0,False,"Small Talk",False,False,False,False,False
720901,0,"RegFstAdvGuild_00005","","","","","","","","","","","","","","","","","","","","","","","","","","","","","","",0,0,0,0,0,0,0,0,0,0,0,0,0,0,0,0,0,0,0,0,0,0,0,0,0,0,0,0,0,0,False,"Small Talk",False,False,False,False,False
720902,60427,"CmnDefLinkShell_00006","SUCCESS_LOG","HOWTO_LINKSHELL","INFO_ERROR_1","INFO_ERROR_2","","","","","","","","","","","","","","","","","","","","","","","","","","",485,17,6091,6092,0,0,0,0,0,0,0,0,0,0,0,0,0,0,0,0,0,0,0,0,0,0,0,0,0,0,False,"Small Talk",False,False,False,False,False
720903,0,"RegFstLncGuild_00007","","","","","","","","","","","","","","","","","","","","","","","","","","","","","","",0,0,0,0,0,0,0,0,0,0,0,0,0,0,0,0,0,0,0,0,0,0,0,0,0,0,0,0,0,0,False,"Small Talk",False,False,False,False,False
720904,0,"RegFstArcGuild_00008","","","","","","","","","","","","","","","","","","","","","","","","","","","","","","",0,0,0,0,0,0,0,0,0,0,0,0,0,0,0,0,0,0,0,0,0,0,0,0,0,0,0,0,0,0,False,"Small Talk",False,False,False,False,False
720905,60426,"CmnDefRetainerDesk_00009","RETAINER_SUCCESS_EMPLOY","RETAINER_SUCCESS_ASSIGN_MARKET","LIMSA","GRIDANIA","ULDAH","RETAINER_SUCCESS_DISMISS","REWARD_RETAINER","NPC_OF_LIMSA","NPC_OF_GRIDANIA","NPC_OF_ULDAH","REGISTERING_CONTENT_FINDER","OTHER_WORLD","","","","","","","","","","","","","","","","","","",394,396,1,2,3,395,3,1003275,1000233,1001963,24,31,0,0,0,0,0,0,0,0,0,0,0,0,0,0,0,0,0,0,False,"Retainer Options",False,False,False,False,False
720906,60425,"CmnDefRetainerCall_00010","REWARD_RETAINER","HOWTO_RETAINER","HOWTO_RETAINER_TASK","BASE_IDLE_2","","","","","","","","","","","","","","","","","","","","","","","","","","",3,51,53,785,0,0,0,0,0,0,0,0,0,0,0,0,0,0,0,0,0,0,0,0,0,0,0,0,0,0,False,"Summon Retainer",False,True,False,False,False
720907,60426,"CmnDefRetainerRemove_00011","","","","","","","","","","","","","","","","","","","","","","","","","","","","","","",0,0,0,0,0,0,0,0,0,0,0,0,0,0,0,0,0,0,0,0,0,0,0,0,0,0,0,0,0,0,False,"Release Retainer",False,False,False,False,False
720908,60311,"CmnDefRentalChocobo_00012","POP_RANGE","HOWTO_ABOUT_RENTAL_CHOCOBO","","","","","","","","","","","","","","","","","","","","","","","","","","","","",2040811,81,0,0,0,0,0,0,0,0,0,0,0,0,0,0,0,0,0,0,0,0,0,0,0,0,0,0,0,0,False,"Rent a Chocobo",False,False,False,False,False
720909,0,"CmnBhtEnterLv020St0003_00013","","","","","","","","","","","","","","","","","","","","","","","","","","","","","","",0,0,0,0,0,0,0,0,0,0,0,0,0,0,0,0,0,0,0,0,0,0,0,0,0,0,0,0,0,0,False,"Small Talk",False,False,False,False,False
720910,60414,"CmnDunEnterTamtara_00014","INSTANCE_CONTENT_ID","TERRITORY_TYPE","","","","","","","","","","","","","","","","","","","","","","","","","","","","",2,164,0,0,0,0,0,0,0,0,0,0,0,0,0,0,0,0,0,0,0,0,0,0,0,0,0,0,0,0,False,"Small Talk",False,False,False,False,False
720911,0,"CmnDefMarketRegLimsa_00015","","","","","","","","","","","","","","","","","","","","","","","","","","","","","","",0,0,0,0,0,0,0,0,0,0,0,0,0,0,0,0,0,0,0,0,0,0,0,0,0,0,0,0,0,0,False,"Market Options",False,False,False,False,False
720912,0,"","","","","","","","","","","","","","","","","","","","","","","","","","","","","","","",0,0,0,0,0,0,0,0,0,0,0,0,0,0,0,0,0,0,0,0,0,0,0,0,0,0,0,0,0,0,False,"Small Talk",False,False,False,False,False
720913,0,"","","","","","","","","","","","","","","","","","","","","","","","","","","","","","","",0,0,0,0,0,0,0,0,0,0,0,0,0,0,0,0,0,0,0,0,0,0,0,0,0,0,0,0,0,0,False,"Small Talk",False,False,False,False,False
720914,0,"CmnFstAlphaLevelup_00018","LEVEL_UP_TO_15_QUEST","LEVEL_UP_TO_29_DUNGEON","ENPC_WANDERING_MINSTREL","ENPC_LVUP_LANCER","ENPC_LVUP_ARCHER","ENPC_LVUP_CONJURER","ENPC_LVUP_GLADIATOR","ENPC_LVUP_MARAUDER","ENPC_LVUP_PUGILIST","ENPC_LVUP_THAUMATURGE","REWARD_BUDDY","ITEM_GYSAHL_GREENS","HOWTO_BUDDY_SUMMON","REWARD_MY_CHOCOBO","GLADIATOR_LV30_REWARD_ACTION","PUGILIST_LV30_REWARD_ACTION","MARAUDER_LV30_REWARD_ACTION","LANCER_LV30_REWARD_ACTION","ARCHER_LV30_REWARD_ACTION","CONJURER_LV30_REWARD_ACTION","THAUMATURGE_LV30_REWARD_ACTION","GLADIATOR_LV30_REWARD_ACTION_QUEST","PUGILIST_LV30_REWARD_ACTION_QUEST","MARAUDER_LV30_REWARD_ACTION_QUEST","LANCER_LV30_REWARD_ACTION_QUEST","ARCHER_LV30_REWARD_ACTION_QUEST","CONJURER_LV30_REWARD_ACTION_QUEST","THAUMATURGE_LV30_REWARD_ACTION_QUEST","LV30_ACTION_REWARD_VFX","",66047,1,1002370,1000619,1000437,1000644,1002064,1002229,1002049,1004325,18,4868,96,17,25,66,47,91,113,135,157,65798,66094,65852,65591,65604,65628,65886,114,0,False,"Receive the Minstrel's Blessings",True,False,False,False,False
720915,60434,"CmnDefNpcRepair_00019","","","","","","","","","","","","","","","","","","","","","","","","","","","","","","",0,0,0,0,0,0,0,0,0,0,0,0,0,0,0,0,0,0,0,0,0,0,0,0,0,0,0,0,0,0,False,"Repair Gear",False,False,False,False,False
720916,0,"CmnDefInnBed_00020","POS_S1TI_BED_FRONT","POS_W1TI_BED_FRONT","POS_F1TI_BED_FRONT","TERRITORY_TYPE_S1TI","TERRITORY_TYPE_W1TI","TERRITORY_TYPE_F1TI","SLEEP_ACTION","WAKEUP_DREAM_ACTION","WAKEUP_ACTION","","","","","","","","","","","","","","","","","","","","","",3972987,3972985,3972441,177,178,179,986,988,989,0,0,0,0,0,0,0,0,0,0,0,0,0,0,0,0,0,0,0,0,0,False,"Small Talk",False,False,False,False,True
720917,0,"CmnDefInnDoor_00021","POP_RANGE","","","","","","","","","","","","","","","","","","","","","","","","","","","","","",2232680,0,0,0,0,0,0,0,0,0,0,0,0,0,0,0,0,0,0,0,0,0,0,0,0,0,0,0,0,0,False,"Small Talk",False,False,False,False,False
720918,0,"RegFstInnInfo_00022","REWARD0","POP_RANGE","","","","","","","","","CONDITION_DEFAULT_TALK","HOWTO_MARKET","HOWTO_MARKET_GETITEM","","","","","","","","","","","","","","","","","",2,1359058,0,0,0,0,0,0,0,0,17,47,48,0,0,0,0,0,0,0,0,0,0,0,0,0,0,0,0,0,False,"Small Talk",False,False,False,False,False
720919,0,"RegFstCnjGuild_00023","","","","","","","","","","","","","","","","","","","","","","","","","","","","","","",0,0,0,0,0,0,0,0,0,0,0,0,0,0,0,0,0,0,0,0,0,0,0,0,0,0,0,0,0,0,False,"Small Talk",False,False,False,False,False
720920,0,"RegFstCnjPreach_00024","","","","","","","","","","","","","","","","","","","","","","","","","","","","","","",0,0,0,0,0,0,0,0,0,0,0,0,0,0,0,0,0,0,0,0,0,0,0,0,0,0,0,0,0,0,False,"Small Talk",False,False,False,False,False
720921,0,"CmnBhtRewardLv020St0003_00025","REWARD_BEHEST","","","","","","","","","","","","","","","","","","","","","","","","","","","","","",0,0,0,0,0,0,0,0,0,0,0,0,0,0,0,0,0,0,0,0,0,0,0,0,0,0,0,0,0,0,False,"Small Talk",False,False,False,False,False
720922,0,"CmnDefWarpNpc_00026","ACTOR0","ACTOR1","POPRANGE0","POPRANGE1","QUEST01","QUEST02","QUEST03","","","","","","","","","","","","","","","","","","","","","","","",1001263,1000541,1381039,1381038,65621,65659,65660,0,0,0,0,0,0,0,0,0,0,0,0,0,0,0,0,0,0,0,0,0,0,0,False,"Small Talk",False,False,False,False,False
720923,0,"RegFstHowToAutoAttack_00027","HOWTO_BATTLE","","","","","","","","","","","","","","","","","","","","","","","","","","","","","",7,0,0,0,0,0,0,0,0,0,0,0,0,0,0,0,0,0,0,0,0,0,0,0,0,0,0,0,0,0,True,"Small Talk",True,True,False,False,True
720924,60430,"CmnDefTownWarpNode_00028","EVENT_ACTION_SYMPATHY","VFX_SYMPATHY_SUCCESS","LOGMSG_SYMPATHY_SUCCESS","","","","","","","","","","","","","","","","","","","","","","","","","","","",19,115,1346,0,0,0,0,0,0,0,0,0,0,0,0,0,0,0,0,0,0,0,0,0,0,0,0,0,0,0,False,"Small Talk",True,False,False,False,False
720925,0,"RegFstWdkGuild_00029","ITEM","QUEST","LOGMSG_EVENT_INVENTORY_FULL_ERROR","QUEST_SEQ_1","","","","","","","","","","","","","","","","","","","","","","","","","","",2651,65985,1767,1,0,0,0,0,0,0,0,0,0,0,0,0,0,0,0,0,0,0,0,0,0,0,0,0,0,0,False,"Small Talk",False,False,False,False,False
720926,0,"RegFstTanGuild_00030","","","","","","","","","","","","","","","","","","","","","","","","","","","","","","",0,0,0,0,0,0,0,0,0,0,0,0,0,0,0,0,0,0,0,0,0,0,0,0,0,0,0,0,0,0,False,"Small Talk",False,False,False,False,False
720927,0,"","","","","","","","","","","","","","","","","","","","","","","","","","","","","","","",0,0,0,0,0,0,0,0,0,0,0,0,0,0,0,0,0,0,0,0,0,0,0,0,0,0,0,0,0,0,False,"Small Talk",False,False,False,False,False
720928,0,"RegFstAetheryteGuid_00032","","","","","","","","","","","","","","","","","","","","","","","","","","","","","","",0,0,0,0,0,0,0,0,0,0,0,0,0,0,0,0,0,0,0,0,0,0,0,0,0,0,0,0,0,0,False,"Small Talk",False,False,False,False,False
720929,0,"RegFstHrvGuild_00033","","","","","","","","","","","","","","","","","","","","","","","","","","","","","","",0,0,0,0,0,0,0,0,0,0,0,0,0,0,0,0,0,0,0,0,0,0,0,0,0,0,0,0,0,0,False,"Small Talk",False,False,False,False,False
720930,0,"","","","","","","","","","","","","","","","","","","","","","","","","","","","","","","",0,0,0,0,0,0,0,0,0,0,0,0,0,0,0,0,0,0,0,0,0,0,0,0,0,0,0,0,0,0,False,"Small Talk",False,False,False,False,False
720931,0,"TstPlnCmpFCCounter_00035","","","","","","","","","","","","","","","","","","","","","","","","","","","","","","",0,0,0,0,0,0,0,0,0,0,0,0,0,0,0,0,0,0,0,0,0,0,0,0,0,0,0,0,0,0,False,"Small Talk",False,False,False,False,False
720932,0,"TstPlnTest_00036","","","","","","","","","","","","","","","","","","","","","","","","","","","","","","",0,0,0,0,0,0,0,0,0,0,0,0,0,0,0,0,0,0,0,0,0,0,0,0,0,0,0,0,0,0,False,"Small Talk",False,False,False,False,False
720933,0,"CmnFatTest_00037","","","","","","","","","","","","","","","","","","","","","","","","","","","","","","",0,0,0,0,0,0,0,0,0,0,0,0,0,0,0,0,0,0,0,0,0,0,0,0,0,0,0,0,0,0,False,"FATE Test",False,False,False,False,False
720934,0,"TstPlnNcut_00038","","","","","","","","","","","","","","","","","","","","","","","","","","","","","","",0,0,0,0,0,0,0,0,0,0,0,0,0,0,0,0,0,0,0,0,0,0,0,0,0,0,0,0,0,0,False,"Ncut Test",False,False,False,False,False
720935,0,"CmnDefMarketBoardGridania_00039","CONDITION_DEFAULT_TALK","HOWTO_MARKET","HOWTO_MARKET_GETITEM","","","","","","","","","","","","","","","","","","","","","","","","","","","",17,47,48,0,0,0,0,0,0,0,0,0,0,0,0,0,0,0,0,0,0,0,0,0,0,0,0,0,0,0,False,"Small Talk",False,True,False,False,False
720936,0,"TstPrgGetItemTest_00040","ITEM","QUEST","LOGMSG_EVENT_INVENTORY_FULL_ERROR","","","","","","","","","","","","","","","","","","","","","","","","","","","",3042,65565,1767,0,0,0,0,0,0,0,0,0,0,0,0,0,0,0,0,0,0,0,0,0,0,0,0,0,0,0,False,"Real Item GET Test",False,False,False,False,False
720937,60414,"CmnRadEnterHaukkeManor_00041","INSTANCE_CONTENT_ID","TERRITORY_TYPE","SCREENIMAGE0","","","","","","","","","","","","","","","","","","","","","","","","","","","",6,166,80,0,0,0,0,0,0,0,0,0,0,0,0,0,0,0,0,0,0,0,0,0,0,0,0,0,0,0,False,"Small Talk",False,False,False,False,False
720938,0,"RegWilBlackBrash_00042","","","","","","","","","","","","","","","","","","","","","","","","","","","","","","",0,0,0,0,0,0,0,0,0,0,0,0,0,0,0,0,0,0,0,0,0,0,0,0,0,0,0,0,0,0,False,"Small Talk",False,False,False,False,False
720939,0,"RegWilArrzanethOssuary_00043","","","","","","","","","","","","","","","","","","","","","","","","","","","","","","",0,0,0,0,0,0,0,0,0,0,0,0,0,0,0,0,0,0,0,0,0,0,0,0,0,0,0,0,0,0,False,"Small Talk",False,False,False,False,False
720940,0,"RegSeaMorabyDrydocks_00044","","","","","","","","","","","","","","","","","","","","","","","","","","","","","","",0,0,0,0,0,0,0,0,0,0,0,0,0,0,0,0,0,0,0,0,0,0,0,0,0,0,0,0,0,0,False,"Small Talk",False,False,False,False,False
720941,0,"RegFstMagicItemTips_00045","","","","","","","","","","","","","","","","","","","","","","","","","","","","","","",0,0,0,0,0,0,0,0,0,0,0,0,0,0,0,0,0,0,0,0,0,0,0,0,0,0,0,0,0,0,False,"Small Talk",False,False,False,False,False
720942,0,"ComDefGrandCompany_00046","REWARD_GRAND_COMPANY","GRAND_COMPANY_INVALID","ORDER_OF_TWIN_ADDER","HOW_TO_GRANDCOMPANY","","","","","","","","","","","","","","","","","","","","","","","","","","",10,0,2,87,0,0,0,0,0,0,0,0,0,0,0,0,0,0,0,0,0,0,0,0,0,0,0,0,0,0,False,"Grand Company",False,False,False,False,False
720943,0,"CmnDefF1e4Entrance_00047","POP_RANGE","QUEST","","","","","","","","","","","","","","","","","","","","","","","","","","","","",3884000,65983,0,0,0,0,0,0,0,0,0,0,0,0,0,0,0,0,0,0,0,0,0,0,0,0,0,0,0,0,False,"Small Talk",False,False,False,False,False
720944,0,"CmnDefF1e4Exit_00048","POP_RANGE","","","","","","","","","","","","","","","","","","","","","","","","","","","","","",3884182,0,0,0,0,0,0,0,0,0,0,0,0,0,0,0,0,0,0,0,0,0,0,0,0,0,0,0,0,0,False,"Small Talk",False,False,False,False,False
720945,0,"CmnDefF1e5Exit_00049","POP_RANGE","","","","","","","","","","","","","","","","","","","","","","","","","","","","","",3878860,0,0,0,0,0,0,0,0,0,0,0,0,0,0,0,0,0,0,0,0,0,0,0,0,0,0,0,0,0,False,"Small Talk",False,False,False,False,False
720946,0,"RegSeaAdvGuild_00050","","","","","","","","","","","","","","","","","","","","","","","","","","","","","","",0,0,0,0,0,0,0,0,0,0,0,0,0,0,0,0,0,0,0,0,0,0,0,0,0,0,0,0,0,0,False,"Small Talk",False,False,False,False,False
720947,0,"RegSeaAetheGuid_00051","","","","","","","","","","","","","","","","","","","","","","","","","","","","","","",0,0,0,0,0,0,0,0,0,0,0,0,0,0,0,0,0,0,0,0,0,0,0,0,0,0,0,0,0,0,False,"Small Talk",False,False,False,False,False
720948,0,"RegSeaInn_00052","","","","","","","","","","","","","","","","","","","","","","","","","","","","","","",0,0,0,0,0,0,0,0,0,0,0,0,0,0,0,0,0,0,0,0,0,0,0,0,0,0,0,0,0,0,False,"Small Talk",False,False,False,False,False
720949,0,"RegSeaExcGuild_00053","","","","","","","","","","","","","","","","","","","","","","","","","","","","","","",0,0,0,0,0,0,0,0,0,0,0,0,0,0,0,0,0,0,0,0,0,0,0,0,0,0,0,0,0,0,False,"Small Talk",False,False,False,False,False
720950,0,"RegSeaCulGuild_00054","","","","","","","","","","","","","","","","","","","","","","","","","","","","","","",0,0,0,0,0,0,0,0,0,0,0,0,0,0,0,0,0,0,0,0,0,0,0,0,0,0,0,0,0,0,False,"Small Talk",False,False,False,False,False
720951,0,"RegSeaBsnGuild_00055","","","","","","","","","","","","","","","","","","","","","","","","","","","","","","",0,0,0,0,0,0,0,0,0,0,0,0,0,0,0,0,0,0,0,0,0,0,0,0,0,0,0,0,0,0,False,"Small Talk",False,False,False,False,False
720952,0,"RegSeaArmGuild_00056","","","","","","","","","","","","","","","","","","","","","","","","","","","","","","",0,0,0,0,0,0,0,0,0,0,0,0,0,0,0,0,0,0,0,0,0,0,0,0,0,0,0,0,0,0,False,"Small Talk",False,False,False,False,False
720953,0,"RegWilHorizon_00057","","","","","","","","","","","","","","","","","","","","","","","","","","","","","","",0,0,0,0,0,0,0,0,0,0,0,0,0,0,0,0,0,0,0,0,0,0,0,0,0,0,0,0,0,0,False,"Small Talk",False,False,False,False,False
720954,0,"RegWilDrybone_00058","","","","","","","","","","","","","","","","","","","","","","","","","","","","","","",0,0,0,0,0,0,0,0,0,0,0,0,0,0,0,0,0,0,0,0,0,0,0,0,0,0,0,0,0,0,False,"Small Talk",False,False,False,False,False
720955,0,"RegWikAdvGuild_00059","","","","","","","","","","","","","","","","","","","","","","","","","","","","","","",0,0,0,0,0,0,0,0,0,0,0,0,0,0,0,0,0,0,0,0,0,0,0,0,0,0,0,0,0,0,False,"Small Talk",False,False,False,False,False
720956,0,"RegWilAetheGuid_00060","","","","","","","","","","","","","","","","","","","","","","","","","","","","","","",0,0,0,0,0,0,0,0,0,0,0,0,0,0,0,0,0,0,0,0,0,0,0,0,0,0,0,0,0,0,False,"Small Talk",False,False,False,False,False
720957,0,"RegWilInn_00061","","","","","","","","","","","","","","","","","","","","","","","","","","","","","","",0,0,0,0,0,0,0,0,0,0,0,0,0,0,0,0,0,0,0,0,0,0,0,0,0,0,0,0,0,0,False,"Small Talk",False,False,False,False,False
720958,0,"RegWilThmGuild_00062","","","","","","","","","","","","","","","","","","","","","","","","","","","","","","",0,0,0,0,0,0,0,0,0,0,0,0,0,0,0,0,0,0,0,0,0,0,0,0,0,0,0,0,0,0,False,"Small Talk",False,False,False,False,False
720959,0,"RegWilGlaGuild_00063","","","","","","","","","","","","","","","","","","","","","","","","","","","","","","",0,0,0,0,0,0,0,0,0,0,0,0,0,0,0,0,0,0,0,0,0,0,0,0,0,0,0,0,0,0,False,"Small Talk",False,False,False,False,False
720960,0,"RegWilPglGuild_00064","","","","","","","","","","","","","","","","","","","","","","","","","","","","","","",0,0,0,0,0,0,0,0,0,0,0,0,0,0,0,0,0,0,0,0,0,0,0,0,0,0,0,0,0,0,False,"Small Talk",False,False,False,False,False
720961,0,"RegWilMinGuild_00065","","","","","","","","","","","","","","","","","","","","","","","","","","","","","","",0,0,0,0,0,0,0,0,0,0,0,0,0,0,0,0,0,0,0,0,0,0,0,0,0,0,0,0,0,0,False,"Small Talk",False,False,False,False,False
720962,0,"RegWilWvrGuild_00066","","","","","","","","","","","","","","","","","","","","","","","","","","","","","","",0,0,0,0,0,0,0,0,0,0,0,0,0,0,0,0,0,0,0,0,0,0,0,0,0,0,0,0,0,0,False,"Small Talk",False,False,False,False,False
720963,0,"RegWilAlcGuild_00067","","","","","","","","","","","","","","","","","","","","","","","","","","","","","","",0,0,0,0,0,0,0,0,0,0,0,0,0,0,0,0,0,0,0,0,0,0,0,0,0,0,0,0,0,0,False,"Small Talk",False,False,False,False,False
720964,0,"RegWilGldGuild_00068","ITEM","QUEST","LOGMSG_EVENT_INVENTORY_FULL_ERROR","QUEST_SEQ_1","","","","","","","","","","","","","","","","","","","","","","","","","","",4196,66088,1767,1,0,0,0,0,0,0,0,0,0,0,0,0,0,0,0,0,0,0,0,0,0,0,0,0,0,0,False,"Small Talk",False,False,False,False,False
720965,0,"RegSeaSummerFarm_00069","","","","","","","","","","","","","","","","","","","","","","","","","","","","","","",0,0,0,0,0,0,0,0,0,0,0,0,0,0,0,0,0,0,0,0,0,0,0,0,0,0,0,0,0,0,False,"Small Talk",False,False,False,False,False
720966,0,"RegSeaRedFarm_00070","","","","","","","","","","","","","","","","","","","","","","","","","","","","","","",0,0,0,0,0,0,0,0,0,0,0,0,0,0,0,0,0,0,0,0,0,0,0,0,0,0,0,0,0,0,False,"Small Talk",False,False,False,False,False
720967,0,"RegSeaSkylift_00071","","","","","","","","","","","","","","","","","","","","","","","","","","","","","","",0,0,0,0,0,0,0,0,0,0,0,0,0,0,0,0,0,0,0,0,0,0,0,0,0,0,0,0,0,0,False,"Small Talk",False,False,False,False,False
720968,0,"RegSeaSwiftperch_00072","","","","","","","","","","","","","","","","","","","","","","","","","","","","","","",0,0,0,0,0,0,0,0,0,0,0,0,0,0,0,0,0,0,0,0,0,0,0,0,0,0,0,0,0,0,False,"Small Talk",False,False,False,False,False
720969,0,"ComDefGrandCompanyOfficer_00073","GRAND_COMPANY_INVALID","MAELSTROM","ORDER_OF_TWIN_ADDER","IMMORTAL_FLAMES","NPC_OF_LIMSA","NPC_OF_GRIDANIA","NPC_OF_ULDAH","GC_RANK_MAX","GC_RANK_REWARD_DELIVERLY","GC_RANK_REWARD_LV30_LEVE","PROCUREMENT_MISSION","SCREEN_IMAGE_BOOTY","SCREEN_IMAGE_LEVE","GC_LEVE_UNLOCK","HOWTO_SUPPLYDUTY","GC_RANK_REWARD_GCCHANGE","GC_RANK_REWARD_LV45_LEVE","GC_TRANSFER_UNLOCK","HOWTO_GC_CHANGE","GC_RANK_08","","","","","","","","","","",0,1,2,3,1002388,1002394,1002391,9,6,5,720971,70,71,1616,90,9,8,1617,115,8,0,0,0,0,0,0,0,0,0,0,False,"Small Talk",False,False,False,False,False
720970,0,"RegSeaPirate_00074","","","","","","","","","","","","","","","","","","","","","","","","","","","","","","",0,0,0,0,0,0,0,0,0,0,0,0,0,0,0,0,0,0,0,0,0,0,0,0,0,0,0,0,0,0,False,"Small Talk",False,False,False,False,False
720971,0,"ComDefGCSupplyDuty_00075","NPC_OF_LIMSA","NPC_OF_GRIDANIA","NPC_OF_ULDAH","SCREEN_IMAGE","LOG_MSG_SYS_ERR","TEXT_UI_GRAND_COMPANY_ASK_SEAL_OVER","TEXT_YES","TEXT_NO","","","","","","","","","","","","","","","","","","","","","","",1002388,1002394,1002391,72,1791,4605,3,4,0,0,0,0,0,0,0,0,0,0,0,0,0,0,0,0,0,0,0,0,0,0,False,"Supply Missions",True,False,False,False,False
720972,0,"ComDefFreeCompany_00076","FC_HIERARCHY_MASTER","NPC_OF_LIMSA","NPC_OF_GRIDANIA","NPC_OF_ULDAH","GRAND_COMPANY_INVALID","MAELSTROM","ORDER_OF_TWIN_ADDER","IMMORTAL_FLAMES","HOWTO_FC","INFO_ERROR_SAME_NAME","INFO_ERROR_GIL","INFO_ERROR_STRING_START","INFO_ERROR_STRING_END","","","","","","","","","","","","","","","","","",0,1003247,1002395,1002392,0,1,2,3,91,10001,10332,10304,10319,0,0,0,0,0,0,0,0,0,0,0,0,0,0,0,0,0,False,"Small Talk",False,False,False,False,False
720973,60414,"CmnRadEnterShposhae_00077","INSTANCE_CONTENT_ID","TERRITORY_TYPE","","","","","","","","","","","","","","","","","","","","","","","","","","","","",4,157,0,0,0,0,0,0,0,0,0,0,0,0,0,0,0,0,0,0,0,0,0,0,0,0,0,0,0,0,False,"Small Talk",False,False,False,False,False
720974,60414,"CmnRadEnterCopperbellMines_00078","INSTANCE_CONTENT_ID","TERRITORY_TYPE","","","","","","","","","","","","","","","","","","","","","","","","","","","","",3,161,0,0,0,0,0,0,0,0,0,0,0,0,0,0,0,0,0,0,0,0,0,0,0,0,0,0,0,0,False,"Small Talk",False,False,False,False,False
720975,60414,"CmnRadEnterHalatali_00079","INSTANCE_CONTENT_ID","TERRITORY_TYPE","","","","","","","","","","","","","","","","","","","","","","","","","","","","",7,162,0,0,0,0,0,0,0,0,0,0,0,0,0,0,0,0,0,0,0,0,0,0,0,0,0,0,0,0,False,"Small Talk",False,False,False,False,False
720976,60414,"CmnRadEnterJungle_00080","INSTANCE_CONTENT_ID","TERRITORY_TYPE","SCREENIMAGE0","","","","","","","","","","","","","","","","","","","","","","","","","","","",8,158,79,0,0,0,0,0,0,0,0,0,0,0,0,0,0,0,0,0,0,0,0,0,0,0,0,0,0,0,False,"Small Talk",False,False,False,False,False
720977,60414,"CmnRadEnterBowlofEmbers_00081","INSTANCE_CONTENT_ID","TERRITORY_TYPE","","","","","","","","","","","","","","","","","","","","","","","","","","","","",20001,202,0,0,0,0,0,0,0,0,0,0,0,0,0,0,0,0,0,0,0,0,0,0,0,0,0,0,0,0,False,"Small Talk",False,False,False,False,False
720978,0,"CmnDefCabinet_00082","HOW_TO_ID","","","","","","","","","","","","","","","","","","","","","","","","","","","","","",21,0,0,0,0,0,0,0,0,0,0,0,0,0,0,0,0,0,0,0,0,0,0,0,0,0,0,0,0,0,False,"Small Talk",False,False,False,False,False
720979,0,"CmnDefTemporaryBag_00083","","","","","","","","","","","","","","","","","","","","","","","","","","","","","","",0,0,0,0,0,0,0,0,0,0,0,0,0,0,0,0,0,0,0,0,0,0,0,0,0,0,0,0,0,0,False,"Item Reclaim",False,False,False,False,False
720980,0,"RegWilMaterialize_00084","QUEST_ID","MOTION_ID","","","","","","","","","","","","","","","","","","","","","","","","","","","","",66175,974,0,0,0,0,0,0,0,0,0,0,0,0,0,0,0,0,0,0,0,0,0,0,0,0,0,0,0,0,False,"Materia Removal",True,False,False,False,False
720981,0,"RegWilMateriaCatalysts_00085","","","","","","","","","","","","","","","","","","","","","","","","","","","","","","",0,0,0,0,0,0,0,0,0,0,0,0,0,0,0,0,0,0,0,0,0,0,0,0,0,0,0,0,0,0,False,"Small Talk",False,False,False,False,False
720982,0,"ComDefSanction_00086","NPC_OF_LIMSA","NPC_OF_GRIDANIA","NPC_OF_ULDAH","SACTION","GRAND_COMPANY_INVALID","MAELSTROM","ORDER_OF_TWIN_ADDER","IMMORTAL_FLAMES","LIMIT_RANK","","","","","","","","","","","","","","","","","","","","","",1003248,1004381,1004380,245,0,1,2,3,8,0,0,0,0,0,0,0,0,0,0,0,0,0,0,0,0,0,0,0,0,0,False,"Small Talk",False,False,False,False,False
720983,0,"RegseaRedistribution_00087","ITEM","QUEST","LOGMSG_EVENT_INVENTORY_FULL_ERROR","QUEST_SEQ_1","","","","","","","","","","","","","","","","","","","","","","","","","","",3760,66081,1767,1,0,0,0,0,0,0,0,0,0,0,0,0,0,0,0,0,0,0,0,0,0,0,0,0,0,0,False,"Small Talk",False,False,False,False,False
720984,0,"RegSeaFshGuild_00088","","","","","","","","","","","","","","","","","","","","","","","","","","","","","","",0,0,0,0,0,0,0,0,0,0,0,0,0,0,0,0,0,0,0,0,0,0,0,0,0,0,0,0,0,0,False,"Small Talk",False,False,False,False,False
720985,0,"RegSeaAcnGuild_00089","","","","","","","","","","","","","","","","","","","","","","","","","","","","","","",0,0,0,0,0,0,0,0,0,0,0,0,0,0,0,0,0,0,0,0,0,0,0,0,0,0,0,0,0,0,False,"Small Talk",False,False,False,False,False
720986,0,"JobDefWar_00090","QUEST","","","","","","","","","","","","","","","","","","","","","","","","","","","","","",66585,0,0,0,0,0,0,0,0,0,0,0,0,0,0,0,0,0,0,0,0,0,0,0,0,0,0,0,0,0,False,"Small Talk",False,False,False,False,False
720987,0,"JobDefPld_00091","QUEST","","","","","","","","","","","","","","","","","","","","","","","","","","","","","",66591,0,0,0,0,0,0,0,0,0,0,0,0,0,0,0,0,0,0,0,0,0,0,0,0,0,0,0,0,0,False,"Small Talk",False,False,False,False,False
720988,0,"JobDefDrg_00092","DRG300","","","","","","","","","","","","","","","","","","","","","","","","","","","","","",66603,0,0,0,0,0,0,0,0,0,0,0,0,0,0,0,0,0,0,0,0,0,0,0,0,0,0,0,0,0,False,"Small Talk",False,False,False,False,False
720989,0,"JobDefMnk_00093","MNK300","MNK350","MNK400","MNK450","MNK451","MNK500","","","","","","","","","","","","","","","","","","","","","","","","",66597,66598,66599,66600,66601,66602,0,0,0,0,0,0,0,0,0,0,0,0,0,0,0,0,0,0,0,0,0,0,0,0,False,"Small Talk",False,False,False,False,False
720990,0,"JobDefBrd_00094","QUEST","","","","","","","","","","","","","","","","","","","","","","","","","","","","","",66621,0,0,0,0,0,0,0,0,0,0,0,0,0,0,0,0,0,0,0,0,0,0,0,0,0,0,0,0,0,False,"Small Talk",False,False,False,False,False
720991,0,"JobDefWhm_00095","QUEST","","","","","","","","","","","","","","","","","","","","","","","","","","","","","",66617,0,0,0,0,0,0,0,0,0,0,0,0,0,0,0,0,0,0,0,0,0,0,0,0,0,0,0,0,0,False,"Small Talk",False,False,False,False,False
720992,0,"JobDefBlm_00096","QUEST","COMPBLM","","","","","","","","","","","","","","","","","","","","","","","","","","","","",66609,66614,0,0,0,0,0,0,0,0,0,0,0,0,0,0,0,0,0,0,0,0,0,0,0,0,0,0,0,0,False,"Small Talk",False,False,False,False,False
720993,0,"JobDefSmn_00097","QUEST","","","","","","","","","","","","","","","","","","","","","","","","","","","","","",66627,0,0,0,0,0,0,0,0,0,0,0,0,0,0,0,0,0,0,0,0,0,0,0,0,0,0,0,0,0,False,"Small Talk",False,False,False,False,False
720994,0,"JobDefSch_00098","QUEST","","","","","","","","","","","","","","","","","","","","","","","","","","","","","",66633,0,0,0,0,0,0,0,0,0,0,0,0,0,0,0,0,0,0,0,0,0,0,0,0,0,0,0,0,0,False,"Small Talk",False,False,False,False,False
720995,60460,"ComDefCompanyChest_00099","","","","","","","","","","","","","","","","","","","","","","","","","","","","","","",0,0,0,0,0,0,0,0,0,0,0,0,0,0,0,0,0,0,0,0,0,0,0,0,0,0,0,0,0,0,False,"Small Talk",False,True,True,False,False
720996,0,"ComDefFreeCompanyReward_00100","NPC_OF_LIMSA","NPC_OF_GRIDANIA","NPC_OF_ULDAH","GRAND_COMPANY_INVALID","MAELSTROM","ORDER_OF_TWIN_ADDER","IMMORTAL_FLAMES","","","","","","","","","","","","","","","","","","","","","","","",1002389,1000165,1003925,0,1,2,3,0,0,0,0,0,0,0,0,0,0,0,0,0,0,0,0,0,0,0,0,0,0,0,False,"Small Talk",False,False,False,False,False
720997,0,"ComDefFreeCompanyCrest_00101","NPC_OF_LIMSA","NPC_OF_GRIDANIA","NPC_OF_ULDAH","GRAND_COMPANY_INVALID","MAELSTROM","ORDER_OF_TWIN_ADDER","IMMORTAL_FLAMES","","","","","","","","","","","","","","","","","","","","","","","",1005183,1004401,1004513,0,1,2,3,0,0,0,0,0,0,0,0,0,0,0,0,0,0,0,0,0,0,0,0,0,0,0,False,"Small Talk",False,False,False,False,False
720998,0,"RegSeaPvpColosseum_00102","","","","","","","","","","","","","","","","","","","","","","","","","","","","","","",0,0,0,0,0,0,0,0,0,0,0,0,0,0,0,0,0,0,0,0,0,0,0,0,0,0,0,0,0,0,False,"Small Talk",False,False,False,False,False
720999,0,"ComDefSuspendedMateria_00103","MATERIALIZE","MATERIASHOP","","","","","","","","","","","","","","","","","","","","","","","","","","","","",720980,1769475,0,0,0,0,0,0,0,0,0,0,0,0,0,0,0,0,0,0,0,0,0,0,0,0,0,0,0,0,False,"Cracked Materia Exchange",False,False,False,False,False
721000,0,"FesSumBomb2013_00104","","","","","","","","","","","","","","","","","","","","","","","","","","","","","","",0,0,0,0,0,0,0,0,0,0,0,0,0,0,0,0,0,0,0,0,0,0,0,0,0,0,0,0,0,0,False,"Small Talk",False,False,False,False,False
721001,60414,"CmnDunBahamut_00105","","","","","","","","","","","","","","","","","","","","","","","","","","","","","","",0,0,0,0,0,0,0,0,0,0,0,0,0,0,0,0,0,0,0,0,0,0,0,0,0,0,0,0,0,0,False,"Small Talk",False,False,False,False,False
721002,0,"RegWilRowena_00106","","","","","","","","","","","","","","","","","","","","","","","","","","","","","","",0,0,0,0,0,0,0,0,0,0,0,0,0,0,0,0,0,0,0,0,0,0,0,0,0,0,0,0,0,0,False,"Small Talk",False,False,False,False,False
721003,0,"CmnDefAchievementReward_00107","GET_ITEM_FAILED_LOG","","","","","","","","","","","","","","","","","","","","","","","","","","","","","",1081,0,0,0,0,0,0,0,0,0,0,0,0,0,0,0,0,0,0,0,0,0,0,0,0,0,0,0,0,0,False,"Small Talk",False,False,False,False,False
721004,0,"RegRocDragonhead_00108","","","","","","","","","","","","","","","","","","","","","","","","","","","","","","",0,0,0,0,0,0,0,0,0,0,0,0,0,0,0,0,0,0,0,0,0,0,0,0,0,0,0,0,0,0,False,"Small Talk",False,False,False,False,False
721005,0,"RegRocWhitebrim_00109","","","","","","","","","","","","","","","","","","","","","","","","","","","","","","",0,0,0,0,0,0,0,0,0,0,0,0,0,0,0,0,0,0,0,0,0,0,0,0,0,0,0,0,0,0,False,"Small Talk",False,False,False,False,False
721006,0,"RegRocObservatory_00110","","","","","","","","","","","","","","","","","","","","","","","","","","","","","","",0,0,0,0,0,0,0,0,0,0,0,0,0,0,0,0,0,0,0,0,0,0,0,0,0,0,0,0,0,0,False,"Small Talk",False,False,False,False,False
721007,0,"RegRocGatesofJudgement_00111","","","","","","","","","","","","","","","","","","","","","","","","","","","","","","",0,0,0,0,0,0,0,0,0,0,0,0,0,0,0,0,0,0,0,0,0,0,0,0,0,0,0,0,0,0,False,"Small Talk",False,False,False,False,False
721008,0,"RegLakRevenantsToll_00112","","","","","","","","","","","","","","","","","","","","","","","","","","","","","","",0,0,0,0,0,0,0,0,0,0,0,0,0,0,0,0,0,0,0,0,0,0,0,0,0,0,0,0,0,0,False,"Small Talk",False,False,False,False,False
721009,0,"RegLakSaintCoinachsFind_00113","QUEST_01","","","","","","","","","","","","","","","","","","","","","","","","","","","","","",66739,0,0,0,0,0,0,0,0,0,0,0,0,0,0,0,0,0,0,0,0,0,0,0,0,0,0,0,0,0,False,"Small Talk",False,False,False,False,False
721010,0,"RegSeaCampBronzeLake_00114","","","","","","","","","","","","","","","","","","","","","","","","","","","","","","",0,0,0,0,0,0,0,0,0,0,0,0,0,0,0,0,0,0,0,0,0,0,0,0,0,0,0,0,0,0,False,"Small Talk",False,False,False,False,False
721011,0,"RegSeaCostadelSol_00115","","","","","","","","","","","","","","","","","","","","","","","","","","","","","","",0,0,0,0,0,0,0,0,0,0,0,0,0,0,0,0,0,0,0,0,0,0,0,0,0,0,0,0,0,0,False,"Small Talk",False,False,False,False,False
721012,0,"RegSeaAleport_00116","","","","","","","","","","","","","","","","","","","","","","","","","","","","","","",0,0,0,0,0,0,0,0,0,0,0,0,0,0,0,0,0,0,0,0,0,0,0,0,0,0,0,0,0,0,False,"Small Talk",False,False,False,False,False
721013,0,"RegSeaCampOverlook_00117","","","","","","","","","","","","","","","","","","","","","","","","","","","","","","",0,0,0,0,0,0,0,0,0,0,0,0,0,0,0,0,0,0,0,0,0,0,0,0,0,0,0,0,0,0,False,"Small Talk",False,False,False,False,False
721014,0,"RegSeaWineport_00118","","","","","","","","","","","","","","","","","","","","","","","","","","","","","","",0,0,0,0,0,0,0,0,0,0,0,0,0,0,0,0,0,0,0,0,0,0,0,0,0,0,0,0,0,0,False,"Small Talk",False,False,False,False,False
721015,0,"RegSeaCampSkullValley_00119","","","","","","","","","","","","","","","","","","","","","","","","","","","","","","",0,0,0,0,0,0,0,0,0,0,0,0,0,0,0,0,0,0,0,0,0,0,0,0,0,0,0,0,0,0,False,"Small Talk",False,False,False,False,False
721016,0,"RegWilCeruleumProcessingPlant_00120","","","","","","","","","","","","","","","","","","","","","","","","","","","","","","",0,0,0,0,0,0,0,0,0,0,0,0,0,0,0,0,0,0,0,0,0,0,0,0,0,0,0,0,0,0,False,"Small Talk",False,False,False,False,False
721017,0,"RegWilCampBluefog_00121","","","","","","","","","","","","","","","","","","","","","","","","","","","","","","",0,0,0,0,0,0,0,0,0,0,0,0,0,0,0,0,0,0,0,0,0,0,0,0,0,0,0,0,0,0,False,"Small Talk",False,False,False,False,False
721018,0,"RegWilLittleAlaMhigo_00122","","","","","","","","","","","","","","","","","","","","","","","","","","","","","","",0,0,0,0,0,0,0,0,0,0,0,0,0,0,0,0,0,0,0,0,0,0,0,0,0,0,0,0,0,0,False,"Small Talk",False,False,False,False,False
721019,0,"RegWilForgottenSprings_00123","","","","","","","","","","","","","","","","","","","","","","","","","","","","","","",0,0,0,0,0,0,0,0,0,0,0,0,0,0,0,0,0,0,0,0,0,0,0,0,0,0,0,0,0,0,False,"Small Talk",False,False,False,False,False
721020,0,"RegWilVesperBay_00124","","","","","","","","","","","","","","","","","","","","","","","","","","","","","","",0,0,0,0,0,0,0,0,0,0,0,0,0,0,0,0,0,0,0,0,0,0,0,0,0,0,0,0,0,0,False,"Small Talk",False,False,False,False,False
721021,0,"RegFstTheHawthorneHut_00125","","","","","","","","","","","","","","","","","","","","","","","","","","","","","","",0,0,0,0,0,0,0,0,0,0,0,0,0,0,0,0,0,0,0,0,0,0,0,0,0,0,0,0,0,0,False,"Small Talk",False,False,False,False,False
721022,0,"RegFstQuarrymill_00126","","","","","","","","","","","","","","","","","","","","","","","","","","","","","","",0,0,0,0,0,0,0,0,0,0,0,0,0,0,0,0,0,0,0,0,0,0,0,0,0,0,0,0,0,0,False,"Small Talk",False,False,False,False,False
721023,0,"RegFstCampTranquil_00127","","","","","","","","","","","","","","","","","","","","","","","","","","","","","","",0,0,0,0,0,0,0,0,0,0,0,0,0,0,0,0,0,0,0,0,0,0,0,0,0,0,0,0,0,0,False,"Small Talk",False,False,False,False,False
721024,0,"RegFstLittleSolace_00128","","","","","","","","","","","","","","","","","","","","","","","","","","","","","","",0,0,0,0,0,0,0,0,0,0,0,0,0,0,0,0,0,0,0,0,0,0,0,0,0,0,0,0,0,0,False,"Small Talk",False,False,False,False,False
721025,0,"RegFstBentbranchMeadows_00129","","","","","","","","","","","","","","","","","","","","","","","","","","","","","","",0,0,0,0,0,0,0,0,0,0,0,0,0,0,0,0,0,0,0,0,0,0,0,0,0,0,0,0,0,0,False,"Small Talk",False,False,False,False,False
721026,0,"RegFstFallgourdFloat_00130","","","","","","","","","","","","","","","","","","","","","","","","","","","","","","",0,0,0,0,0,0,0,0,0,0,0,0,0,0,0,0,0,0,0,0,0,0,0,0,0,0,0,0,0,0,False,"Small Talk",False,False,False,False,False
721027,0,"RegWiltheWakingSands_00131","QUEST1","QUEST1_SEQ","QUEST2","QUEST2_SEQ","QUEST3","QUEST3_SEQ","QUEST4","QUEST4_SEQ","QUEST5","QUEST5_SEQ","QUEST6","QUEST6_SEQ","","","","","","","","","","","","","","","","","","",66046,1,66047,1,66049,1,66052,2,66572,1,66060,3,0,0,0,0,0,0,0,0,0,0,0,0,0,0,0,0,0,0,False,"Small Talk",False,False,False,False,False
721028,0,"CmnDefCutSceneReplay_00132","CUTSCENE_STAFF_ROLL_BEFORE","CUTSCENE_STAFF_ROLL_AFTER1","CUTSCENE_STAFF_ROLL_AFTER2","CUTSCENE_STAFF_ROLL_AFTER3","CUTSCENE_STAFF_ROLL_AFTER4","","","","","","","","","","","","","","","","","","","","","","","","","",128,296,129,130,131,0,0,0,0,0,0,0,0,0,0,0,0,0,0,0,0,0,0,0,0,0,0,0,0,0,False,"Small Talk",False,False,False,False,False
721029,0,"RegFstEpicMoogle_00133","EPIC_QUEST_WAR","EPIC_QUEST_PLD","EPIC_QUEST_MNK","EPIC_QUEST_DRG","EPIC_QUEST_BLM","EPIC_QUEST_WHM","EPIC_QUEST_BRD","EPIC_QUEST_SMN","EPIC_QUEST_SCH","EQUIP_EPIC_WAR","EQUIP_EPIC_PLD","EQUIP_EPIC_MNK","EQUIP_EPIC_DRG","EQUIP_EPIC_BLM","EQUIP_EPIC_WHM","EQUIP_EPIC_BRD","EQUIP_EPIC_SMN","EQUIP_EPIC_SCH","","","","","","","","","","","","",66655,66656,66657,66658,66659,66660,66661,66662,66663,1816,1675,1746,1885,2140,2052,1955,2213,2214,0,0,0,0,0,0,0,0,0,0,0,0,False,"Small Talk",False,False,False,False,False
721030,0,"CmnDefChocoboRename_00134","REWARD_MY_CHOCOBO","QUEST_01","QUEST_02","QUEST_03","","","","","","","","","","","","","","","","","","","","","","","","","","",17,66236,66237,66238,0,0,0,0,0,0,0,0,0,0,0,0,0,0,0,0,0,0,0,0,0,0,0,0,0,0,False,"Chocobo Renaming",True,False,False,False,False
721031,0,"CmnDefHousingSignboard_00135","LOGMSG_HOUSING_ERR_LAND_GET_01","SCREEN_IMAGE_BUY_LAND_SUCCESS","HOW_TO_SIGNBOARD","","","","","","","","","","","","","","","","","","","","","","","","","","","",3312,152,144,0,0,0,0,0,0,0,0,0,0,0,0,0,0,0,0,0,0,0,0,0,0,0,0,0,0,0,False,"話を聞く",False,False,False,False,False
721032,0,"ComDefHousingOfficer_00136","NPC_OF_LIMSA","NPC_OF_GRIDANIA","NPC_OF_ULDAH","","","","","","","","","","","","","","","","","","","","","","","","","","","",1005632,1005646,1005639,0,0,0,0,0,0,0,0,0,0,0,0,0,0,0,0,0,0,0,0,0,0,0,0,0,0,0,False,"話を聞く",False,False,False,False,False
721033,0,"CmnDefUltimaWeaponNormalOpener_00137","LOC_ACTOR1","LOC_POS_ACTOR1","MOT_BASE_BAD_CHAIR_HARP","MOT_EVENT_BASE_CHAIR_SIT","","","","","","","","","","","","","","","","","","","","","","","","","","",1008326,4505914,871,788,0,0,0,0,0,0,0,0,0,0,0,0,0,0,0,0,0,0,0,0,0,0,0,0,0,0,False,"話を聞く",False,False,False,False,False
721034,0,"CmnDefMinstrel01_00138","QUEST_ID","INSTANCE_CONTENT_ID","LOC_ACTOR1","LOC_POS_ACTOR1","MOT_BASE_BAD_CHAIR_HARP","MOT_EVENT_BASE_CHAIR_SIT","","","","","","","","","","","","","","","","","","","","","","","","",66844,20013,1008326,4505914,871,788,0,0,0,0,0,0,0,0,0,0,0,0,0,0,0,0,0,0,0,0,0,0,0,0,False,"話を聞く",False,False,False,False,False
721035,0,"RegWilSandsUrianger_00139","QUEST_ID","","","","","","","","","","","","","","","","","","","","","","","","","","","","","",66729,0,0,0,0,0,0,0,0,0,0,0,0,0,0,0,0,0,0,0,0,0,0,0,0,0,0,0,0,0,False,"話を聞く",False,False,False,False,False
721036,0,"CmnDefMrHousing_00140","NPC_OF_LIMSA","NPC_OF_GRIDANIA","NPC_OF_ULDAH","","","","","","","","","","","","","","","","","","","","","","","","","","","",1005637,1005651,1005644,0,0,0,0,0,0,0,0,0,0,0,0,0,0,0,0,0,0,0,0,0,0,0,0,0,0,0,False,"話を聞く",False,False,False,False,False
721037,0,"CmnDefHousingObject_00141","","","","","","","","","","","","","","","","","","","","","","","","","","","","","","",0,0,0,0,0,0,0,0,0,0,0,0,0,0,0,0,0,0,0,0,0,0,0,0,0,0,0,0,0,0,False,"話を聞く",False,False,False,False,False
721038,0,"FesXmsShop2013_00142","","","","","","","","","","","","","","","","","","","","","","","","","","","","","","",0,0,0,0,0,0,0,0,0,0,0,0,0,0,0,0,0,0,0,0,0,0,0,0,0,0,0,0,0,0,False,"話を聞く",False,False,False,False,False
721039,0,"RegWilRingofAsh_00143","","","","","","","","","","","","","","","","","","","","","","","","","","","","","","",0,0,0,0,0,0,0,0,0,0,0,0,0,0,0,0,0,0,0,0,0,0,0,0,0,0,0,0,0,0,False,"話を聞く",False,False,False,False,False
721040,0,"FesNyrAmbassador2014_00144","ITEM","QUEST","LOGMSG_EVENT_INVENTORY_FULL_ERROR","","","","","","","","","","","","","","","","","","","","","","","","","","","",6964,66828,1767,0,0,0,0,0,0,0,0,0,0,0,0,0,0,0,0,0,0,0,0,0,0,0,0,0,0,0,False,"話を聞く",False,False,False,False,False
721041,0,"FesNyrFstShogun2014_00145","ITEM","QUEST","LOGMSG_EVENT_INVENTORY_FULL_ERROR","","","","","","","","","","","","","","","","","","","","","","","","","","","",6966,66829,1767,0,0,0,0,0,0,0,0,0,0,0,0,0,0,0,0,0,0,0,0,0,0,0,0,0,0,0,False,"話を聞く",False,False,False,False,False
721042,0,"FesNyrWilShogun2014_00146","ITEM","QUEST","LOGMSG_EVENT_INVENTORY_FULL_ERROR","","","","","","","","","","","","","","","","","","","","","","","","","","","",6967,66830,1767,0,0,0,0,0,0,0,0,0,0,0,0,0,0,0,0,0,0,0,0,0,0,0,0,0,0,0,False,"話を聞く",False,False,False,False,False
721043,0,"FesNyrSeaShogun2014_00147","ITEM","QUEST","LOGMSG_EVENT_INVENTORY_FULL_ERROR","","","","","","","","","","","","","","","","","","","","","","","","","","","",6965,66831,1767,0,0,0,0,0,0,0,0,0,0,0,0,0,0,0,0,0,0,0,0,0,0,0,0,0,0,0,False,"話を聞く",False,False,False,False,False
721044,0,"CmnDefBeautySalon_00148","BEAUTY_SALON_TICKET","LOGMSG_GIL_NOT_ENOUGH","QUEST","TERRITORY_TYPE_S1T1","TERRITORY_TYPE_W1T1","TERRITORY_TYPE_F1T1","LOC_ACTOR0","LOC_POS_SEA","LOC_POS_WIL","LOC_POS_FST","REGISTERING_CONTENT_FINDER","OTHER_WORLD","REWARD_BEAUTY_SALON","LOC_BGM0","LOC_ACTION0","LOC_ACTION1","","","","","","","","","","","","","","",7005,3901,66746,177,178,179,1005882,4576990,4576992,4576993,24,31,26,191,1012,577,0,0,0,0,0,0,0,0,0,0,0,0,0,0,False,"話を聞く",True,False,False,False,False
