key,0,1,2,3,4,5,6,7,8,9,10,11,12,13,14,15,16,17,18,19,20,21,22
#,CondLv,CondBattle,CondPVP,CondPVPOnly,Type,Data[0],Data[1],Data[2],Data[3],Data[4],Data[5],Data[6],Data[7],Data[8],Data{HQ}[0],Data{HQ}[1],Data{HQ}[2],Data{HQ}[3],Data{HQ}[4],Data{HQ}[5],Data{HQ}[6],Data{HQ}[7],Data{HQ}[8]
int32,byte,bool,bool,bool,uint16,uint16,uint16,uint16,uint16,uint16,uint16,uint16,uint16,uint16,uint16,uint16,uint16,uint16,uint16,uint16,uint16,uint16,uint16
0,0,True,True,False,0,0,0,0,0,0,0,0,0,0,0,0,0,0,0,0,0,0,0
1,0,True,True,False,847,32,80,0,0,0,0,0,0,0,40,100,0,0,0,0,0,0,0
2,0,True,True,False,847,32,170,0,0,0,0,0,0,0,40,220,0,0,0,0,0,0,0
3,0,True,True,False,847,28,330,0,0,0,0,0,0,0,35,420,0,0,0,0,0,0,0
4,0,True,True,False,847,24,520,0,0,0,0,0,0,0,30,650,0,0,0,0,0,0,0
5,0,True,True,False,847,28,360,0,0,0,0,0,0,0,35,450,0,0,0,0,0,0,0
6,0,True,True,False,848,28,60,0,0,0,0,0,0,0,35,80,0,0,0,0,0,0,0
7,0,True,True,False,848,28,120,0,0,0,0,0,0,0,35,160,0,0,0,0,0,0,0
8,0,True,True,False,848,24,270,0,0,0,0,0,0,0,30,340,0,0,0,0,0,0,0
9,0,True,True,False,848,20,420,0,0,0,0,0,0,0,25,530,0,0,0,0,0,0,0
10,0,True,True,False,848,24,290,0,0,0,0,0,0,0,30,370,0,0,0,0,0,0,0
11,0,True,True,False,849,28,360,0,24,290,0,0,0,0,35,450,0,30,370,0,0,0,0
12,0,True,True,False,849,24,560,0,20,460,0,0,0,0,30,700,0,25,580,0,0,0,0
13,0,True,True,False,849,28,330,0,24,270,0,0,0,0,35,420,0,30,340,0,0,0,0
14,0,True,True,False,1055,300,0,0,0,0,0,0,0,0,300,0,0,0,0,0,0,0,0
15,0,True,False,False,842,15,0,0,0,0,0,0,0,0,15,0,0,0,0,0,0,0,0
16,0,True,False,False,842,7,0,0,0,0,0,0,0,0,7,0,0,0,0,0,0,0,0
17,0,True,False,False,842,3,0,0,0,0,0,0,0,0,3,0,0,0,0,0,0,0,0
18,0,True,False,False,842,17,0,0,0,0,0,0,0,0,17,0,0,0,0,0,0,0,0
19,0,True,False,False,842,18,275,0,0,0,0,0,0,0,18,0,0,0,0,0,0,0,0
20,0,True,False,False,842,1,0,0,0,0,0,0,0,0,1,0,0,0,0,0,0,0,0
21,20,True,False,False,841,314,0,0,0,0,0,0,0,0,314,0,0,0,0,0,0,0,0
22,35,True,False,False,841,315,0,0,0,0,0,0,0,0,315,0,0,0,0,0,0,0,0
23,50,True,False,False,841,316,0,0,0,0,0,0,0,0,316,0,0,0,0,0,0,0,0
24,65,True,False,False,841,317,0,0,0,0,0,0,0,0,317,0,0,0,0,0,0,0,0
25,20,True,False,False,841,318,0,0,0,0,0,0,0,0,318,0,0,0,0,0,0,0,0
26,35,True,False,False,841,318,0,0,0,0,0,0,0,0,318,0,0,0,0,0,0,0,0
27,50,True,False,False,841,318,0,0,0,0,0,0,0,0,318,0,0,0,0,0,0,0,0
28,65,True,False,False,841,319,0,0,0,0,0,0,0,0,319,0,0,0,0,0,0,0,0
29,20,True,False,False,841,320,0,0,0,0,0,0,0,0,320,0,0,0,0,0,0,0,0
30,35,True,False,False,841,320,0,0,0,0,0,0,0,0,320,0,0,0,0,0,0,0,0
31,50,True,False,False,841,320,0,0,0,0,0,0,0,0,320,0,0,0,0,0,0,0,0
32,65,True,False,False,841,321,0,0,0,0,0,0,0,0,321,0,0,0,0,0,0,0,0
33,20,True,False,False,841,322,0,0,0,0,0,0,0,0,322,0,0,0,0,0,0,0,0
34,35,True,False,False,841,322,0,0,0,0,0,0,0,0,322,0,0,0,0,0,0,0,0
35,50,True,False,False,841,322,0,0,0,0,0,0,0,0,322,0,0,0,0,0,0,0,0
36,65,True,False,False,841,323,0,0,0,0,0,0,0,0,323,0,0,0,0,0,0,0,0
37,20,True,False,False,841,324,0,0,0,0,0,0,0,0,324,0,0,0,0,0,0,0,0
38,35,True,False,False,841,324,0,0,0,0,0,0,0,0,324,0,0,0,0,0,0,0,0
39,50,True,False,False,841,324,0,0,0,0,0,0,0,0,324,0,0,0,0,0,0,0,0
40,10,True,False,False,841,5,0,0,0,0,0,0,0,0,5,0,0,0,0,0,0,0,0
41,0,False,True,False,1053,249,0,0,0,0,0,0,0,0,0,0,0,0,0,0,0,0,0
42,0,False,True,False,1053,250,0,0,0,0,0,0,0,0,0,0,0,0,0,0,0,0,0
43,0,False,True,False,1053,251,0,0,0,0,0,0,0,0,0,0,0,0,0,0,0,0,0
44,0,False,True,False,1053,253,0,0,0,0,0,0,0,0,0,0,0,0,0,0,0,0,0
45,0,True,True,False,843,300,0,0,0,0,0,0,0,0,0,0,0,0,0,0,0,0,0
46,0,True,True,False,843,301,0,0,0,0,0,0,0,0,0,0,0,0,0,0,0,0,0
47,0,True,True,False,843,302,0,0,0,0,0,0,0,0,0,0,0,0,0,0,0,0,0
48,0,True,True,False,843,303,0,0,0,0,0,0,0,0,0,0,0,0,0,0,0,0,0
49,0,True,True,False,850,269,0,0,0,0,0,0,0,0,0,0,0,0,0,0,0,0,0
50,0,True,True,False,1054,0,0,0,0,0,0,0,0,0,0,0,0,0,0,0,0,0,0
51,0,True,True,True,1767,300,0,0,0,0,0,0,0,0,300,0,0,0,0,0,0,0,0
52,0,True,True,True,843,313,0,0,0,0,0,0,0,0,0,0,0,0,0,0,0,0,0
53,0,True,True,False,844,48,1,1800,0,0,0,0,0,0,48,1,1800,0,0,0,0,0,0
54,0,True,True,False,845,48,1,1800,0,0,0,0,0,0,48,1,1800,0,0,0,0,0,0
55,0,True,True,False,844,48,2,1800,0,0,0,0,0,0,48,2,1800,0,0,0,0,0,0
56,0,True,True,False,844,48,3,1800,0,0,0,0,0,0,48,3,1800,0,0,0,0,0,0
57,0,True,True,False,845,48,4,1800,0,0,0,0,0,0,48,4,1800,0,0,0,0,0,0
58,0,True,True,False,844,48,5,1800,0,0,0,0,0,0,48,5,1800,0,0,0,0,0,0
59,0,True,True,False,844,48,6,1800,0,0,0,0,0,0,48,6,1800,0,0,0,0,0,0
60,0,True,True,False,845,48,7,1800,0,0,0,0,0,0,48,7,1800,0,0,0,0,0,0
61,0,True,True,False,845,48,8,1800,0,0,0,0,0,0,48,8,1800,0,0,0,0,0,0
62,0,True,True,False,845,48,9,1800,0,0,0,0,0,0,48,9,1800,0,0,0,0,0,0
63,0,True,True,False,844,48,10,1800,0,0,0,0,0,0,48,10,1800,0,0,0,0,0,0
64,0,True,True,False,844,48,11,1800,0,0,0,0,0,0,48,11,1800,0,0,0,0,0,0
65,0,True,True,False,844,48,12,1800,0,0,0,0,0,0,48,12,1800,0,0,0,0,0,0
66,0,True,True,False,844,48,13,1800,0,0,0,0,0,0,48,13,1800,0,0,0,0,0,0
67,0,True,True,False,844,48,14,1800,0,0,0,0,0,0,48,14,1800,0,0,0,0,0,0
68,0,True,True,False,845,48,15,1800,0,0,0,0,0,0,48,15,1800,0,0,0,0,0,0
69,0,True,True,False,844,48,16,1800,0,0,0,0,0,0,48,16,1800,0,0,0,0,0,0
70,0,True,True,False,844,48,17,1800,0,0,0,0,0,0,48,17,1800,0,0,0,0,0,0
71,0,True,True,False,844,48,18,1800,0,0,0,0,0,0,48,18,1800,0,0,0,0,0,0
72,0,True,True,False,844,48,19,1800,0,0,0,0,0,0,48,19,1800,0,0,0,0,0,0
73,0,True,True,False,844,48,20,1800,0,0,0,0,0,0,48,20,1800,0,0,0,0,0,0
74,0,True,True,False,844,48,21,1800,0,0,0,0,0,0,48,21,1800,0,0,0,0,0,0
75,0,True,True,False,844,48,22,1800,0,0,0,0,0,0,48,22,1800,0,0,0,0,0,0
76,0,True,True,False,844,48,23,1800,0,0,0,0,0,0,48,23,1800,0,0,0,0,0,0
77,0,True,True,False,844,48,24,1800,0,0,0,0,0,0,48,24,1800,0,0,0,0,0,0
78,0,True,True,False,844,48,25,1800,0,0,0,0,0,0,48,25,1800,0,0,0,0,0,0
79,0,True,True,False,844,48,26,1800,0,0,0,0,0,0,48,26,1800,0,0,0,0,0,0
80,0,True,True,False,844,48,27,1800,0,0,0,0,0,0,48,27,1800,0,0,0,0,0,0
81,0,True,True,False,845,48,28,1800,0,0,0,0,0,0,48,28,1800,0,0,0,0,0,0
82,0,True,True,False,844,48,29,1800,0,0,0,0,0,0,48,29,1800,0,0,0,0,0,0
83,0,True,True,False,844,48,30,1800,0,0,0,0,0,0,48,30,1800,0,0,0,0,0,0
84,0,True,True,False,844,48,31,1800,0,0,0,0,0,0,48,31,1800,0,0,0,0,0,0
85,0,True,True,False,844,48,32,1800,0,0,0,0,0,0,48,32,1800,0,0,0,0,0,0
86,0,True,True,False,844,48,33,1800,0,0,0,0,0,0,48,33,1800,0,0,0,0,0,0
87,0,True,True,False,844,48,34,1800,0,0,0,0,0,0,48,34,1800,0,0,0,0,0,0
88,0,True,True,False,845,48,35,1800,0,0,0,0,0,0,48,35,1800,0,0,0,0,0,0
89,0,True,True,False,845,48,36,1800,0,0,0,0,0,0,48,36,1800,0,0,0,0,0,0
90,0,True,True,False,844,48,37,1800,0,0,0,0,0,0,48,37,1800,0,0,0,0,0,0
91,0,True,True,False,844,48,38,1800,0,0,0,0,0,0,48,38,1800,0,0,0,0,0,0
92,0,True,True,False,844,48,39,1800,0,0,0,0,0,0,48,39,1800,0,0,0,0,0,0
93,0,True,True,False,844,48,40,1800,0,0,0,0,0,0,48,40,1800,0,0,0,0,0,0
94,0,True,True,False,844,48,41,1800,0,0,0,0,0,0,48,41,1800,0,0,0,0,0,0
95,0,True,True,False,844,48,42,1800,0,0,0,0,0,0,48,42,1800,0,0,0,0,0,0
96,0,True,True,False,845,48,43,1800,0,0,0,0,0,0,48,43,1800,0,0,0,0,0,0
97,0,True,True,False,844,48,44,1800,0,0,0,0,0,0,48,44,1800,0,0,0,0,0,0
98,0,True,True,False,845,48,45,1800,0,0,0,0,0,0,48,45,1800,0,0,0,0,0,0
99,0,True,True,False,844,48,46,1800,0,0,0,0,0,0,48,46,1800,0,0,0,0,0,0
100,0,True,True,False,844,48,47,1800,0,0,0,0,0,0,48,47,1800,0,0,0,0,0,0
101,0,True,True,False,844,48,48,1800,0,0,0,0,0,0,48,48,1800,0,0,0,0,0,0
102,0,True,True,False,845,48,49,1800,0,0,0,0,0,0,48,49,1800,0,0,0,0,0,0
103,0,True,True,False,844,48,50,1800,0,0,0,0,0,0,48,50,1800,0,0,0,0,0,0
104,0,True,True,False,844,48,51,1800,0,0,0,0,0,0,48,51,1800,0,0,0,0,0,0
105,0,True,True,False,844,48,52,1800,0,0,0,0,0,0,48,52,1800,0,0,0,0,0,0
106,0,True,True,False,844,48,53,1800,0,0,0,0,0,0,48,53,1800,0,0,0,0,0,0
107,0,True,True,False,845,48,54,1800,0,0,0,0,0,0,48,54,1800,0,0,0,0,0,0
108,0,True,True,False,844,48,55,1800,0,0,0,0,0,0,48,55,1800,0,0,0,0,0,0
109,0,True,True,False,844,48,56,1800,0,0,0,0,0,0,48,56,1800,0,0,0,0,0,0
110,0,True,True,False,844,48,57,1800,0,0,0,0,0,0,48,57,1800,0,0,0,0,0,0
111,0,True,True,False,844,48,58,1800,0,0,0,0,0,0,48,58,1800,0,0,0,0,0,0
112,0,True,True,False,844,48,59,1800,0,0,0,0,0,0,48,59,1800,0,0,0,0,0,0
113,0,True,True,False,844,48,60,1800,0,0,0,0,0,0,48,60,1800,0,0,0,0,0,0
114,0,True,True,False,844,48,61,1800,0,0,0,0,0,0,48,61,1800,0,0,0,0,0,0
115,0,True,True,False,844,48,62,1800,0,0,0,0,0,0,48,62,1800,0,0,0,0,0,0
116,0,True,True,False,844,48,63,1800,0,0,0,0,0,0,48,63,1800,0,0,0,0,0,0
117,0,True,True,False,845,48,64,1800,0,0,0,0,0,0,48,64,1800,0,0,0,0,0,0
118,0,True,True,False,844,48,65,1800,0,0,0,0,0,0,48,65,1800,0,0,0,0,0,0
119,0,True,True,False,845,48,66,1800,0,0,0,0,0,0,48,66,1800,0,0,0,0,0,0
120,0,True,True,False,844,48,67,1800,0,0,0,0,0,0,48,67,1800,0,0,0,0,0,0
121,0,True,True,False,844,48,68,1800,0,0,0,0,0,0,48,68,1800,0,0,0,0,0,0
122,0,True,True,False,844,48,69,1800,0,0,0,0,0,0,48,69,1800,0,0,0,0,0,0
123,0,True,True,False,844,48,70,1800,0,0,0,0,0,0,48,70,1800,0,0,0,0,0,0
124,0,True,True,False,845,48,71,1800,0,0,0,0,0,0,48,71,1800,0,0,0,0,0,0
125,0,True,True,False,845,48,72,1800,0,0,0,0,0,0,48,72,1800,0,0,0,0,0,0
126,0,True,True,False,844,48,73,1800,0,0,0,0,0,0,48,73,1800,0,0,0,0,0,0
127,0,True,True,False,844,48,74,1800,0,0,0,0,0,0,48,74,1800,0,0,0,0,0,0
128,0,True,True,False,844,48,75,1800,0,0,0,0,0,0,48,75,1800,0,0,0,0,0,0
129,0,True,True,False,844,48,76,1800,0,0,0,0,0,0,48,76,1800,0,0,0,0,0,0
130,0,True,True,False,845,48,77,1800,0,0,0,0,0,0,48,77,1800,0,0,0,0,0,0
131,0,True,True,False,845,48,78,1800,0,0,0,0,0,0,48,78,1800,0,0,0,0,0,0
132,0,True,True,False,844,48,79,1800,0,0,0,0,0,0,48,79,1800,0,0,0,0,0,0
133,0,True,True,False,844,48,80,1800,0,0,0,0,0,0,48,80,1800,0,0,0,0,0,0
134,0,True,True,False,844,48,81,1800,0,0,0,0,0,0,48,81,1800,0,0,0,0,0,0
135,0,True,True,False,845,48,82,1800,0,0,0,0,0,0,48,82,1800,0,0,0,0,0,0
136,0,True,True,False,844,48,83,1800,0,0,0,0,0,0,48,83,1800,0,0,0,0,0,0
137,0,True,True,False,844,48,84,1800,0,0,0,0,0,0,48,84,1800,0,0,0,0,0,0
138,0,True,True,False,845,48,85,1800,0,0,0,0,0,0,48,85,1800,0,0,0,0,0,0
139,0,True,True,False,845,48,86,1800,0,0,0,0,0,0,48,86,1800,0,0,0,0,0,0
140,0,True,True,False,844,48,87,1800,0,0,0,0,0,0,48,87,1800,0,0,0,0,0,0
141,0,True,True,False,844,48,88,1800,0,0,0,0,0,0,48,88,1800,0,0,0,0,0,0
142,0,True,True,False,844,48,89,1800,0,0,0,0,0,0,48,89,1800,0,0,0,0,0,0
143,0,True,True,False,844,48,90,1800,0,0,0,0,0,0,48,90,1800,0,0,0,0,0,0
144,0,True,True,False,845,48,91,1800,0,0,0,0,0,0,48,91,1800,0,0,0,0,0,0
145,0,True,True,False,844,48,92,1800,0,0,0,0,0,0,48,92,1800,0,0,0,0,0,0
146,0,True,True,False,844,48,93,1800,0,0,0,0,0,0,48,93,1800,0,0,0,0,0,0
147,0,True,True,False,845,48,94,1800,0,0,0,0,0,0,48,94,1800,0,0,0,0,0,0
148,0,True,True,False,844,48,95,1800,0,0,0,0,0,0,48,95,1800,0,0,0,0,0,0
149,0,True,True,False,844,48,96,1800,0,0,0,0,0,0,48,96,1800,0,0,0,0,0,0
150,0,True,True,False,845,48,97,1800,0,0,0,0,0,0,48,97,1800,0,0,0,0,0,0
151,0,True,True,False,844,48,98,1800,0,0,0,0,0,0,48,98,1800,0,0,0,0,0,0
152,0,True,True,False,845,48,99,1800,0,0,0,0,0,0,48,99,1800,0,0,0,0,0,0
153,0,True,True,False,844,48,100,1800,0,0,0,0,0,0,48,100,1800,0,0,0,0,0,0
154,0,True,True,False,844,48,101,1800,0,0,0,0,0,0,48,101,1800,0,0,0,0,0,0
155,0,True,True,False,844,48,102,1800,0,0,0,0,0,0,48,102,1800,0,0,0,0,0,0
156,0,True,True,False,844,48,103,1800,0,0,0,0,0,0,48,103,1800,0,0,0,0,0,0
157,0,True,True,False,844,48,104,1800,0,0,0,0,0,0,48,104,1800,0,0,0,0,0,0
158,0,True,True,False,844,48,105,1800,0,0,0,0,0,0,48,105,1800,0,0,0,0,0,0
159,0,True,True,False,844,48,106,1800,0,0,0,0,0,0,48,106,1800,0,0,0,0,0,0
160,0,True,True,False,844,48,107,1800,0,0,0,0,0,0,48,107,1800,0,0,0,0,0,0
161,0,True,True,False,844,48,108,1800,0,0,0,0,0,0,48,108,1800,0,0,0,0,0,0
162,0,True,True,False,844,48,109,1800,0,0,0,0,0,0,48,109,1800,0,0,0,0,0,0
163,0,True,True,False,844,48,110,1800,0,0,0,0,0,0,48,110,1800,0,0,0,0,0,0
164,0,True,True,False,844,48,111,1800,0,0,0,0,0,0,48,111,1800,0,0,0,0,0,0
165,0,True,True,False,844,48,112,1800,0,0,0,0,0,0,48,112,1800,0,0,0,0,0,0
166,0,True,True,False,845,48,113,1800,0,0,0,0,0,0,48,113,1800,0,0,0,0,0,0
167,0,True,True,False,844,48,114,1800,0,0,0,0,0,0,48,114,1800,0,0,0,0,0,0
168,0,True,True,False,845,48,115,1800,0,0,0,0,0,0,48,115,1800,0,0,0,0,0,0
169,0,True,True,False,844,48,116,1800,0,0,0,0,0,0,48,116,1800,0,0,0,0,0,0
170,0,True,True,False,844,48,117,1800,0,0,0,0,0,0,48,117,1800,0,0,0,0,0,0
171,0,True,True,False,844,48,164,1800,0,0,0,0,0,0,48,164,1800,0,0,0,0,0,0
172,0,True,True,False,844,48,165,1800,0,0,0,0,0,0,48,165,1800,0,0,0,0,0,0
173,0,True,True,False,844,48,166,1800,0,0,0,0,0,0,48,166,1800,0,0,0,0,0,0
174,0,True,True,False,844,48,167,1800,0,0,0,0,0,0,48,167,1800,0,0,0,0,0,0
175,0,True,True,False,845,48,168,1800,0,0,0,0,0,0,48,168,1800,0,0,0,0,0,0
176,0,True,True,False,0,0,0,0,0,0,0,0,0,0,0,0,0,0,0,0,0,0,0
177,0,True,True,False,0,0,0,0,0,0,0,0,0,0,0,0,0,0,0,0,0,0,0
178,0,True,True,False,0,0,0,0,0,0,0,0,0,0,0,0,0,0,0,0,0,0,0
179,0,True,True,False,846,49,118,15,0,0,0,0,0,0,49,118,15,0,0,0,0,0,0
180,0,True,True,False,846,49,119,15,0,0,0,0,0,0,49,119,15,0,0,0,0,0,0
181,0,True,True,False,846,49,120,15,0,0,0,0,0,0,49,120,15,0,0,0,0,0,0
182,0,True,True,False,846,49,121,15,0,0,0,0,0,0,49,121,15,0,0,0,0,0,0
183,0,True,True,False,846,49,122,15,0,0,0,0,0,0,49,122,15,0,0,0,0,0,0
184,0,True,True,False,846,49,123,15,0,0,0,0,0,0,49,123,15,0,0,0,0,0,0
185,0,True,True,False,846,49,125,15,0,0,0,0,0,0,49,125,15,0,0,0,0,0,0
186,0,True,True,False,846,49,126,15,0,0,0,0,0,0,49,126,15,0,0,0,0,0,0
187,0,True,True,False,846,49,127,15,0,0,0,0,0,0,49,127,15,0,0,0,0,0,0
188,0,True,True,False,846,49,128,15,0,0,0,0,0,0,49,128,15,0,0,0,0,0,0
189,0,True,True,False,846,49,129,15,0,0,0,0,0,0,49,129,15,0,0,0,0,0,0
190,0,True,True,False,846,49,130,15,0,0,0,0,0,0,49,130,15,0,0,0,0,0,0
191,0,True,True,False,846,49,131,15,0,0,0,0,0,0,49,131,15,0,0,0,0,0,0
192,0,True,True,False,846,49,132,15,0,0,0,0,0,0,49,132,15,0,0,0,0,0,0
193,0,True,True,False,846,49,133,15,0,0,0,0,0,0,49,133,15,0,0,0,0,0,0
194,0,True,True,False,846,49,134,15,0,0,0,0,0,0,49,134,15,0,0,0,0,0,0
195,0,True,True,False,846,49,135,15,0,0,0,0,0,0,49,135,15,0,0,0,0,0,0
196,0,True,True,False,846,49,136,15,0,0,0,0,0,0,49,136,15,0,0,0,0,0,0
197,0,True,True,False,846,49,137,15,0,0,0,0,0,0,49,137,15,0,0,0,0,0,0
198,0,True,True,False,846,49,138,15,0,0,0,0,0,0,49,138,15,0,0,0,0,0,0
199,0,True,True,False,846,49,139,15,0,0,0,0,0,0,49,139,15,0,0,0,0,0,0
200,0,True,True,False,846,49,140,15,0,0,0,0,0,0,49,140,15,0,0,0,0,0,0
201,0,True,True,False,846,49,141,15,0,0,0,0,0,0,49,141,15,0,0,0,0,0,0
202,0,True,True,False,0,0,0,0,0,0,0,0,0,0,0,0,0,0,0,0,0,0,0
203,0,True,True,False,846,49,142,15,0,0,0,0,0,0,49,142,15,0,0,0,0,0,0
204,0,True,True,False,846,49,143,15,0,0,0,0,0,0,49,143,15,0,0,0,0,0,0
205,0,True,True,False,846,49,144,15,0,0,0,0,0,0,49,144,15,0,0,0,0,0,0
206,0,True,True,False,846,49,145,15,0,0,0,0,0,0,49,145,15,0,0,0,0,0,0
207,0,True,True,False,846,49,146,15,0,0,0,0,0,0,49,146,15,0,0,0,0,0,0
208,0,True,True,False,846,49,147,15,0,0,0,0,0,0,49,147,15,0,0,0,0,0,0
209,0,True,True,False,846,49,154,15,0,0,0,0,0,0,49,154,15,0,0,0,0,0,0
210,0,True,True,False,846,49,148,15,0,0,0,0,0,0,49,148,15,0,0,0,0,0,0
211,0,True,True,False,846,49,149,15,0,0,0,0,0,0,49,149,15,0,0,0,0,0,0
212,0,True,True,False,846,49,150,15,0,0,0,0,0,0,49,150,15,0,0,0,0,0,0
213,0,True,True,False,846,49,151,15,0,0,0,0,0,0,49,151,15,0,0,0,0,0,0
214,0,True,True,False,846,49,152,15,0,0,0,0,0,0,49,152,15,0,0,0,0,0,0
215,0,True,True,False,846,49,153,15,0,0,0,0,0,0,49,153,15,0,0,0,0,0,0
216,0,True,True,False,846,49,155,15,0,0,0,0,0,0,49,155,15,0,0,0,0,0,0
217,0,True,True,False,846,49,156,15,0,0,0,0,0,0,49,156,15,0,0,0,0,0,0
218,0,True,True,False,846,49,157,15,0,0,0,0,0,0,49,157,15,0,0,0,0,0,0
219,0,True,True,False,846,49,158,15,0,0,0,0,0,0,49,158,15,0,0,0,0,0,0
220,0,True,True,False,846,49,159,15,0,0,0,0,0,0,49,159,15,0,0,0,0,0,0
221,0,True,True,False,0,0,0,0,0,0,0,0,0,0,0,0,0,0,0,0,0,0,0
222,0,True,True,False,846,49,163,15,0,0,0,0,0,0,49,163,15,0,0,0,0,0,0
223,0,True,True,False,846,49,124,15,0,0,0,0,0,0,49,124,15,0,0,0,0,0,0
224,0,True,True,False,846,49,160,15,0,0,0,0,0,0,49,160,15,0,0,0,0,0,0
225,0,True,True,False,846,49,161,15,0,0,0,0,0,0,49,161,15,0,0,0,0,0,0
226,0,True,True,False,846,49,162,15,0,0,0,0,0,0,49,162,15,0,0,0,0,0,0
227,0,True,True,False,0,0,0,0,0,0,0,0,0,0,0,0,0,0,0,0,0,0,0
228,0,True,True,False,852,218,0,0,0,0,0,0,0,0,0,0,0,0,0,0,0,0,0
229,0,True,True,False,852,231,0,0,0,0,0,0,0,0,0,0,0,0,0,0,0,0,0
230,0,True,True,False,852,299,0,0,0,0,0,0,0,0,0,0,0,0,0,0,0,0,0
231,0,True,True,False,852,0,0,0,0,0,0,0,0,0,0,0,0,0,0,0,0,0,0
232,0,True,True,False,852,235,0,0,0,0,0,0,0,0,0,0,0,0,0,0,0,0,0
233,0,True,True,False,852,236,0,0,0,0,0,0,0,0,0,0,0,0,0,0,0,0,0
234,0,True,True,False,852,237,0,0,0,0,0,0,0,0,0,0,0,0,0,0,0,0,0
235,0,True,True,False,852,219,0,0,0,0,0,0,0,0,0,0,0,0,0,0,0,0,0
236,0,True,True,False,852,221,0,0,0,0,0,0,0,0,0,0,0,0,0,0,0,0,0
237,0,True,True,False,852,220,0,0,0,0,0,0,0,0,0,0,0,0,0,0,0,0,0
238,0,True,True,False,852,222,0,0,0,0,0,0,0,0,0,0,0,0,0,0,0,0,0
239,0,True,True,False,852,223,0,0,0,0,0,0,0,0,0,0,0,0,0,0,0,0,0
240,0,True,True,False,852,224,0,0,0,0,0,0,0,0,0,0,0,0,0,0,0,0,0
241,0,True,True,False,852,225,0,0,0,0,0,0,0,0,0,0,0,0,0,0,0,0,0
242,0,True,True,False,852,226,0,0,0,0,0,0,0,0,0,0,0,0,0,0,0,0,0
243,0,True,True,False,852,227,0,0,0,0,0,0,0,0,0,0,0,0,0,0,0,0,0
244,0,True,True,False,852,238,0,0,0,0,0,0,0,0,0,0,0,0,0,0,0,0,0
245,0,True,True,False,852,228,0,0,0,0,0,0,0,0,0,0,0,0,0,0,0,0,0
246,0,True,True,False,852,229,0,0,0,0,0,0,0,0,0,0,0,0,0,0,0,0,0
247,0,True,True,False,852,230,0,0,0,0,0,0,0,0,0,0,0,0,0,0,0,0,0
248,0,True,True,False,852,232,0,0,0,0,0,0,0,0,0,0,0,0,0,0,0,0,0
249,0,True,True,False,852,233,0,0,0,0,0,0,0,0,0,0,0,0,0,0,0,0,0
250,0,True,True,False,852,234,0,0,0,0,0,0,0,0,0,0,0,0,0,0,0,0,0
251,0,True,True,False,0,0,0,0,0,0,0,0,0,0,0,0,0,0,0,0,0,0,0
252,0,True,True,False,853,1,0,0,0,0,0,0,0,0,0,0,0,0,0,0,0,0,0
253,0,True,True,False,853,2,0,0,0,0,0,0,0,0,0,0,0,0,0,0,0,0,0
254,0,True,True,False,853,3,0,0,0,0,0,0,0,0,0,0,0,0,0,0,0,0,0
255,0,True,True,False,853,4,0,0,0,0,0,0,0,0,0,0,0,0,0,0,0,0,0
256,0,True,True,False,853,5,0,0,0,0,0,0,0,0,0,0,0,0,0,0,0,0,0
257,0,True,True,False,853,6,0,0,0,0,0,0,0,0,0,0,0,0,0,0,0,0,0
258,0,True,True,False,853,7,0,0,0,0,0,0,0,0,0,0,0,0,0,0,0,0,0
259,0,True,True,False,853,8,0,0,0,0,0,0,0,0,0,0,0,0,0,0,0,0,0
260,0,True,True,False,853,9,0,0,0,0,0,0,0,0,0,0,0,0,0,0,0,0,0
261,0,True,True,False,853,10,0,0,0,0,0,0,0,0,0,0,0,0,0,0,0,0,0
262,0,True,True,False,853,11,0,0,0,0,0,0,0,0,0,0,0,0,0,0,0,0,0
263,0,True,True,False,853,12,0,0,0,0,0,0,0,0,0,0,0,0,0,0,0,0,0
264,0,True,True,False,853,13,0,0,0,0,0,0,0,0,0,0,0,0,0,0,0,0,0
265,0,True,True,False,853,14,0,0,0,0,0,0,0,0,0,0,0,0,0,0,0,0,0
266,0,True,True,False,853,15,0,0,0,0,0,0,0,0,0,0,0,0,0,0,0,0,0
267,0,True,True,False,853,16,0,0,0,0,0,0,0,0,0,0,0,0,0,0,0,0,0
268,0,True,True,False,853,17,0,0,0,0,0,0,0,0,0,0,0,0,0,0,0,0,0
269,0,True,True,False,853,18,0,0,0,0,0,0,0,0,0,0,0,0,0,0,0,0,0
270,0,True,True,False,853,19,0,0,0,0,0,0,0,0,0,0,0,0,0,0,0,0,0
271,0,True,True,False,853,20,0,0,0,0,0,0,0,0,0,0,0,0,0,0,0,0,0
272,0,True,True,False,853,21,0,0,0,0,0,0,0,0,0,0,0,0,0,0,0,0,0
273,0,True,True,False,853,22,0,0,0,0,0,0,0,0,0,0,0,0,0,0,0,0,0
274,0,True,True,False,853,23,0,0,0,0,0,0,0,0,0,0,0,0,0,0,0,0,0
275,0,True,True,False,853,24,0,0,0,0,0,0,0,0,0,0,0,0,0,0,0,0,0
276,0,True,True,False,853,25,0,0,0,0,0,0,0,0,0,0,0,0,0,0,0,0,0
277,0,True,True,False,853,26,0,0,0,0,0,0,0,0,0,0,0,0,0,0,0,0,0
278,0,True,True,False,853,27,0,0,0,0,0,0,0,0,0,0,0,0,0,0,0,0,0
279,0,True,True,False,853,28,0,0,0,0,0,0,0,0,0,0,0,0,0,0,0,0,0
280,0,True,True,False,853,29,0,0,0,0,0,0,0,0,0,0,0,0,0,0,0,0,0
281,0,True,True,False,853,30,0,0,0,0,0,0,0,0,0,0,0,0,0,0,0,0,0
282,0,True,True,False,853,31,0,0,0,0,0,0,0,0,0,0,0,0,0,0,0,0,0
283,0,True,True,False,853,32,0,0,0,0,0,0,0,0,0,0,0,0,0,0,0,0,0
284,0,True,True,False,853,33,0,0,0,0,0,0,0,0,0,0,0,0,0,0,0,0,0
285,0,True,True,False,853,34,0,0,0,0,0,0,0,0,0,0,0,0,0,0,0,0,0
286,0,True,True,False,853,35,0,0,0,0,0,0,0,0,0,0,0,0,0,0,0,0,0
287,0,True,True,False,853,36,0,0,0,0,0,0,0,0,0,0,0,0,0,0,0,0,0
288,0,True,True,False,853,37,0,0,0,0,0,0,0,0,0,0,0,0,0,0,0,0,0
289,0,True,True,False,853,38,0,0,0,0,0,0,0,0,0,0,0,0,0,0,0,0,0
290,0,True,True,False,853,39,0,0,0,0,0,0,0,0,0,0,0,0,0,0,0,0,0
291,0,True,True,False,853,40,0,0,0,0,0,0,0,0,0,0,0,0,0,0,0,0,0
292,0,True,True,False,853,41,0,0,0,0,0,0,0,0,0,0,0,0,0,0,0,0,0
293,0,True,True,False,853,42,0,0,0,0,0,0,0,0,0,0,0,0,0,0,0,0,0
294,0,True,True,False,853,43,0,0,0,0,0,0,0,0,0,0,0,0,0,0,0,0,0
295,0,True,True,False,853,44,0,0,0,0,0,0,0,0,0,0,0,0,0,0,0,0,0
296,0,True,True,False,853,45,0,0,0,0,0,0,0,0,0,0,0,0,0,0,0,0,0
297,0,True,True,False,853,46,0,0,0,0,0,0,0,0,0,0,0,0,0,0,0,0,0
298,0,True,True,False,853,47,0,0,0,0,0,0,0,0,0,0,0,0,0,0,0,0,0
299,0,True,True,False,853,48,0,0,0,0,0,0,0,0,0,0,0,0,0,0,0,0,0
300,0,True,True,False,853,49,0,0,0,0,0,0,0,0,0,0,0,0,0,0,0,0,0
301,0,True,True,False,853,50,0,0,0,0,0,0,0,0,0,0,0,0,0,0,0,0,0
302,0,True,True,False,853,51,0,0,0,0,0,0,0,0,0,0,0,0,0,0,0,0,0
303,0,True,True,False,853,52,0,0,0,0,0,0,0,0,0,0,0,0,0,0,0,0,0
304,0,True,True,False,853,53,0,0,0,0,0,0,0,0,0,0,0,0,0,0,0,0,0
305,0,True,True,False,853,54,0,0,0,0,0,0,0,0,0,0,0,0,0,0,0,0,0
306,0,True,True,False,853,55,0,0,0,0,0,0,0,0,0,0,0,0,0,0,0,0,0
307,0,True,True,False,853,63,0,0,0,0,0,0,0,0,0,0,0,0,0,0,0,0,0
308,0,True,True,False,0,0,0,0,0,0,0,0,0,0,0,0,0,0,0,0,0,0,0
309,0,True,True,False,851,1,0,0,0,0,0,0,0,0,0,0,0,0,0,0,0,0,0
310,0,True,True,False,1013,2,0,0,0,0,0,0,0,0,0,0,0,0,0,0,0,0,0
311,0,True,True,False,1013,3,0,0,0,0,0,0,0,0,0,0,0,0,0,0,0,0,0
312,0,True,True,False,1013,4,0,0,0,0,0,0,0,0,0,0,0,0,0,0,0,0,0
313,0,True,True,False,1013,6,0,0,0,0,0,0,0,0,0,0,0,0,0,0,0,0,0
314,0,True,True,False,1013,7,0,0,0,0,0,0,0,0,0,0,0,0,0,0,0,0,0
315,0,True,True,False,1013,8,0,0,0,0,0,0,0,0,0,0,0,0,0,0,0,0,0
316,0,True,True,False,1013,10,0,0,0,0,0,0,0,0,0,0,0,0,0,0,0,0,0
317,0,True,True,False,1013,11,0,0,0,0,0,0,0,0,0,0,0,0,0,0,0,0,0
318,0,True,True,False,1013,12,0,0,0,0,0,0,0,0,0,0,0,0,0,0,0,0,0
319,0,True,True,False,1013,19,0,0,0,0,0,0,0,0,0,0,0,0,0,0,0,0,0
320,0,True,True,False,1013,16,0,0,0,0,0,0,0,0,0,0,0,0,0,0,0,0,0
321,0,True,True,False,1013,17,0,0,0,0,0,0,0,0,0,0,0,0,0,0,0,0,0
322,0,True,True,False,1013,18,0,0,0,0,0,0,0,0,0,0,0,0,0,0,0,0,0
323,0,True,True,False,0,0,0,0,0,0,0,0,0,0,0,0,0,0,0,0,0,0,0
324,0,True,True,False,1322,1,0,0,0,0,0,0,0,0,0,0,0,0,0,0,0,0,0
325,0,True,True,False,1322,4,0,0,0,0,0,0,0,0,0,0,0,0,0,0,0,0,0
326,0,True,True,False,1322,5,0,0,0,0,0,0,0,0,0,0,0,0,0,0,0,0,0
327,0,True,True,False,1322,8,0,0,0,0,0,0,0,0,0,0,0,0,0,0,0,0,0
328,0,True,True,False,1322,6,0,0,0,0,0,0,0,0,0,0,0,0,0,0,0,0,0
329,0,True,True,False,1322,9,0,0,0,0,0,0,0,0,0,0,0,0,0,0,0,0,0
330,0,True,True,False,1322,15,0,0,0,0,0,0,0,0,0,0,0,0,0,0,0,0,0
331,0,True,True,False,1326,0,0,0,0,0,0,0,0,0,0,0,0,0,0,0,0,0,0
332,0,True,True,False,0,0,0,0,0,0,0,0,0,0,0,0,0,0,0,0,0,0,0
333,0,True,True,False,846,49,169,15,0,0,0,0,0,0,49,169,15,0,0,0,0,0,0
334,0,True,True,False,846,49,170,15,0,0,0,0,0,0,49,170,15,0,0,0,0,0,0
335,0,True,True,False,846,49,171,15,0,0,0,0,0,0,49,171,15,0,0,0,0,0,0
336,0,True,True,False,846,49,172,15,0,0,0,0,0,0,49,172,15,0,0,0,0,0,0
337,0,True,True,False,846,49,173,15,0,0,0,0,0,0,49,173,15,0,0,0,0,0,0
338,0,True,True,False,846,49,174,15,0,0,0,0,0,0,49,174,15,0,0,0,0,0,0
339,0,True,True,False,846,49,175,15,0,0,0,0,0,0,49,175,15,0,0,0,0,0,0
340,0,True,True,False,846,49,176,15,0,0,0,0,0,0,49,176,15,0,0,0,0,0,0
341,0,True,True,False,844,48,177,1800,0,0,0,0,0,0,48,177,1800,0,0,0,0,0,0
342,0,True,True,False,844,48,178,1800,0,0,0,0,0,0,48,178,1800,0,0,0,0,0,0
343,0,True,True,False,844,48,179,1800,0,0,0,0,0,0,48,179,1800,0,0,0,0,0,0
344,0,True,True,False,844,48,180,1800,0,0,0,0,0,0,48,180,1800,0,0,0,0,0,0
345,0,True,True,False,844,48,181,1800,0,0,0,0,0,0,48,181,1800,0,0,0,0,0,0
346,0,True,True,False,844,48,182,1800,0,0,0,0,0,0,48,182,1800,0,0,0,0,0,0
347,0,True,True,False,844,48,183,1800,0,0,0,0,0,0,48,183,1800,0,0,0,0,0,0
348,0,True,True,False,844,48,184,1800,0,0,0,0,0,0,48,184,1800,0,0,0,0,0,0
349,0,True,True,False,0,0,0,0,0,0,0,0,0,0,0,0,0,0,0,0,0,0,0
350,0,True,True,False,1013,20,0,0,0,0,0,0,0,0,0,0,0,0,0,0,0,0,0
351,0,True,True,False,1322,18,0,0,0,0,0,0,0,0,0,0,0,0,0,0,0,0,0
352,0,True,True,False,1322,19,0,0,0,0,0,0,0,0,0,0,0,0,0,0,0,0,0
353,0,True,True,False,1322,20,0,0,0,0,0,0,0,0,0,0,0,0,0,0,0,0,0
354,0,True,True,False,1322,21,0,0,0,0,0,0,0,0,0,0,0,0,0,0,0,0,0
355,0,True,True,False,1322,22,0,0,0,0,0,0,0,0,0,0,0,0,0,0,0,0,0
356,0,True,True,False,853,58,0,0,0,0,0,0,0,0,0,0,0,0,0,0,0,0,0
357,0,True,True,False,853,62,0,0,0,0,0,0,0,0,0,0,0,0,0,0,0,0,0
358,0,True,True,False,853,64,0,0,0,0,0,0,0,0,0,0,0,0,0,0,0,0,0
359,0,True,True,False,853,67,0,0,0,0,0,0,0,0,0,0,0,0,0,0,0,0,0
360,0,True,True,False,853,71,0,0,0,0,0,0,0,0,0,0,0,0,0,0,0,0,0
361,0,True,True,False,853,75,0,0,0,0,0,0,0,0,0,0,0,0,0,0,0,0,0
362,0,True,True,False,852,296,0,0,0,0,0,0,0,0,0,0,0,0,0,0,0,0,0
363,0,True,True,False,852,297,0,0,0,0,0,0,0,0,0,0,0,0,0,0,0,0,0
364,0,True,True,False,1013,21,0,0,0,0,0,0,0,0,0,0,0,0,0,0,0,0,0
365,0,True,True,False,0,0,0,0,0,0,0,0,0,0,0,0,0,0,0,0,0,0,0
366,0,True,True,False,0,0,0,0,0,0,0,0,0,0,0,0,0,0,0,0,0,0,0
367,0,True,True,False,0,0,0,0,0,0,0,0,0,0,0,0,0,0,0,0,0,0,0
368,0,True,True,False,0,0,0,0,0,0,0,0,0,0,0,0,0,0,0,0,0,0,0
369,0,True,True,False,0,0,0,0,0,0,0,0,0,0,0,0,0,0,0,0,0,0,0
370,0,True,True,False,0,0,0,0,0,0,0,0,0,0,0,0,0,0,0,0,0,0,0
371,0,True,True,False,1769,0,0,0,0,0,0,0,0,0,0,0,0,0,0,0,0,0,0
